user_id,username,email,address,password,user_type,date_registered,account_status
1,augueporttitor,pede.ac.urna@protonmail.edu,"{""street"":""123 Main St"",""city"":""City1"",""state"":""State1"",""postal_code"":""12345""}",facilisiseget,Personal,1/18/2021 1:14,Open
2,tortorInteger,amet.ante@icloud.com,"{""street"":""456 Elm St"",""city"":""City2"",""state"":""State2"",""postal_code"":""67890""}",sit,Personal,9/18/2020 16:58,Open
3,etlacinia,rhoncus.id@yahoo.com,"{""street"":""789 Oak St"",""city"":""City3"",""state"":""State3"",""postal_code"":""12345""}",sitamet,Personal,4/18/2021 11:03,Open
4,Sedid,semper.egestas@hotmail.net,"{""street"":""101 Pine St"",""city"":""City4"",""state"":""State4"",""postal_code"":""67890""}",neque,Personal,1/12/2024 10:06,Open
5,Aliquamrutrum,massa@outlook.org,"{""street"":""202 Cedar St"",""city"":""City5"",""state"":""State5"",""postal_code"":""12345""}",sociisnatoque,Personal,11/26/2022 7:01,Closed
6,ligulaAenean,proin.vel@outlook.org,"{""street"":""303 Maple St"",""city"":""City6"",""state"":""State6"",""postal_code"":""67890""}",arcuet,Personal,9/28/2021 8:00,Open
7,liberodui,lorem@aol.org,"{""street"":""404 Birch St"",""city"":""City7"",""state"":""State7"",""postal_code"":""12345""}",Integeridmagna,Personal,10/22/2021 23:41,Closed
8,anunc,luctus.felis.purus@aol.com,"{""street"":""505 Walnut St"",""city"":""City8"",""state"":""State8"",""postal_code"":""67890""}",ategestas,Personal,8/21/2022 21:41,Open
9,Maurisut,est@hotmail.org,"{""street"":""606 Ash St"",""city"":""City9"",""state"":""State9"",""postal_code"":""12345""}",nisiAeneaneget,Personal,6/5/2022 22:56,Closed
10,Nuncullamcorper,cursus.et@yahoo.couk,"{""street"":""707 Chestnut St"",""city"":""City10"",""state"":""State10"",""postal_code"":""67890""}",elementumpurus,Personal,11/16/2022 14:49,Open
11,Nullamenim,ante.lectus.convallis@hotmail.ca,"{""street"":""808 Spruce St"",""city"":""City11"",""state"":""State11"",""postal_code"":""12345""}",consequat,Personal,1/11/2021 5:14,Closed
12,velturpis,ipsum.primis@yahoo.couk,"{""street"":""909 Oak St"",""city"":""City12"",""state"":""State12"",""postal_code"":""67890""}",eleifendegestas,Personal,5/8/2020 2:06,Open
13,justoPraesent,amet.lorem@protonmail.edu,"{""street"":""1010 Pine St"",""city"":""City13"",""state"":""State13"",""postal_code"":""12345""}",infelisNulla,Personal,1/16/2021 0:18,Closed
14,molestietortor,purus.ac@google.net,"{""street"":""1111 Cedar St"",""city"":""City14"",""state"":""State14"",""postal_code"":""67890""}",anteiaculis,Personal,9/17/2022 0:46,Closed
15,gravidamolestie,fringilla.est@aol.ca,"{""street"":""1212 Maple St"",""city"":""City15"",""state"":""State15"",""postal_code"":""12345""}",velnisl,Personal,5/30/2023 12:49,Closed
16,Aliquamerat,ultricies.adipiscing.enim@hotmail.edu,"{""street"":""1313 Birch St"",""city"":""City16"",""state"":""State16"",""postal_code"":""67890""}",loremtristique,Personal,8/12/2022 15:12,Open
17,natoquepenatibus,tempus@yahoo.org,"{""street"":""1414 Walnut St"",""city"":""City17"",""state"":""State17"",""postal_code"":""12345""}",intempus,Personal,6/24/2020 4:30,Closed
18,urnaconvallis,enim@outlook.org,"{""street"":""1515 Ash St"",""city"":""City18"",""state"":""State18"",""postal_code"":""67890""}",imperdiet,Personal,1/2/2021 21:53,Closed
19,loremtristique,magna.et@hotmail.net,"{""street"":""1616 Chestnut St"",""city"":""City19"",""state"":""State19"",""postal_code"":""12345""}",placerateget,Personal,6/5/2021 16:48,Open
20,sollicitudinadipiscing,nunc.sollicitudin@yahoo.edu,"{""street"":""1717 Spruce St"",""city"":""City20"",""state"":""State20"",""postal_code"":""67890""}",Quisque,Personal,9/23/2021 18:05,Open
21,placerataugue,nisl.arcu@outlook.com,"{""street"":""1818 Oak St"",""city"":""City21"",""state"":""State21"",""postal_code"":""12345""}",arcu,Personal,9/30/2021 15:26,Closed
22,incursus,ac@google.ca,"{""street"":""1919 Pine St"",""city"":""City22"",""state"":""State22"",""postal_code"":""67890""}",Quisquepurussapien,Personal,5/30/2020 20:40,Open
23,velitegestas,fames@icloud.ca,"{""street"":""2020 Cedar St"",""city"":""City23"",""state"":""State23"",""postal_code"":""12345""}",felispurus,Personal,3/2/2024 7:31,Closed
24,rutrumlorem,nec@hotmail.edu,"{""street"":""2121 Maple St"",""city"":""City24"",""state"":""State24"",""postal_code"":""67890""}",aaliquetvel,Personal,4/24/2021 6:39,Open
25,felisadipiscing,dictum.augue@outlook.ca,"{""street"":""2222 Birch St"",""city"":""City25"",""state"":""State25"",""postal_code"":""12345""}",vitaevelitegestas,Personal,3/19/2024 8:43,Closed
26,nasceturridiculus,donec@icloud.org,"{""street"":""2323 Walnut St"",""city"":""City26"",""state"":""State26"",""postal_code"":""67890""}",interdumfeugiatSed,Personal,9/3/2021 14:13,Closed
27,ultricesposuere,tempus.scelerisque@icloud.edu,"{""street"":""2424 Ash St"",""city"":""City27"",""state"":""State27"",""postal_code"":""12345""}",elementumpurus,Personal,7/18/2021 8:10,Open
28,idmollis,fusce.feugiat@protonmail.couk,"{""street"":""2525 Chestnut St"",""city"":""City28"",""state"":""State28"",""postal_code"":""67890""}",aptenttacitisociosqu,Personal,6/15/2021 11:56,Open
29,temporest,ullamcorper.eu.euismod@yahoo.net,"{""street"":""2626 Spruce St"",""city"":""City29"",""state"":""State29"",""postal_code"":""12345""}",antebibendumullamcorper,Personal,3/29/2021 13:46,Closed
30,seddictum,vulputate.nisi@aol.couk,"{""street"":""2727 Oak St"",""city"":""City30"",""state"":""State30"",""postal_code"":""67890""}",liberoInteger,Personal,12/18/2022 16:29,Closed
31,fermentumfermentum,ac.mi@outlook.ca,"{""street"":""2828 Pine St"",""city"":""City31"",""state"":""State31"",""postal_code"":""12345""}",utnisi,Personal,3/22/2023 15:44,Closed
32,inconsequat,ultrices.iaculis@google.couk,"{""street"":""2929 Cedar St"",""city"":""City32"",""state"":""State32"",""postal_code"":""67890""}",estacmattis,Personal,9/16/2022 11:27,Open
33,necmollis,accumsan.laoreet@icloud.org,"{""street"":""3030 Maple St"",""city"":""City33"",""state"":""State33"",""postal_code"":""12345""}",iaculis,Personal,7/26/2023 21:18,Open
34,Quisquelibero,quam.curabitur.vel@icloud.couk,"{""street"":""3131 Birch St"",""city"":""City34"",""state"":""State34"",""postal_code"":""67890""}",necimperdiet,Personal,9/10/2022 2:42,Closed
35,sagittissemper,mauris.sagittis@hotmail.couk,"{""street"":""3232 Walnut St"",""city"":""City35"",""state"":""State35"",""postal_code"":""12345""}",tristiqueneque,Personal,6/5/2023 8:12,Closed
36,lobortisaugue,vulputate@yahoo.couk,"{""street"":""3333 Ash St"",""city"":""City36"",""state"":""State36"",""postal_code"":""67890""}",fermentumarcu,Personal,4/8/2022 14:03,Open
37,Morbivehicula,maecenas@google.com,"{""street"":""3434 Chestnut St"",""city"":""City37"",""state"":""State37"",""postal_code"":""12345""}",idnunc,Personal,8/23/2020 16:29,Closed
38,Sedeu,eu@icloud.net,"{""street"":""3535 Spruce St"",""city"":""City38"",""state"":""State38"",""postal_code"":""67890""}",sitamet,Personal,6/22/2021 3:49,Open
39,aliquetmolestie,vestibulum.nec@protonmail.edu,"{""street"":""3636 Oak St"",""city"":""City39"",""state"":""State39"",""postal_code"":""12345""}",ridiculusmus,Personal,7/27/2021 22:30,Open
40,nasceturridiculus,nec@hotmail.org,"{""street"":""3737 Pine St"",""city"":""City40"",""state"":""State40"",""postal_code"":""67890""}",Duisgravida,Personal,5/8/2023 23:31,Closed
41,lectusante,risus@icloud.com,"{""street"":""3838 Cedar St"",""city"":""City41"",""state"":""State41"",""postal_code"":""12345""}",Donecnibhenim,Personal,6/13/2021 18:44,Open
42,ipsumdolor,luctus.et@outlook.com,"{""street"":""3939 Maple St"",""city"":""City42"",""state"":""State42"",""postal_code"":""67890""}",mollis,Personal,9/25/2020 3:53,Closed
43,ornarelectus,lorem.eget@hotmail.couk,"{""street"":""4040 Birch St"",""city"":""City43"",""state"":""State43"",""postal_code"":""12345""}",pretium,Personal,4/17/2021 6:27,Closed
44,mattisornare,ipsum.non@hotmail.ca,"{""street"":""4141 Walnut St"",""city"":""City44"",""state"":""State44"",""postal_code"":""67890""}",magnanec,Personal,7/14/2021 17:04,Open
45,quisurna,elit@icloud.com,"{""street"":""4242 Ash St"",""city"":""City45"",""state"":""State45"",""postal_code"":""12345""}",Phasellus,Personal,1/6/2023 17:21,Open
46,orciadipiscing,proin.dolor.nulla@aol.edu,"{""street"":""4343 Chestnut St"",""city"":""City46"",""state"":""State46"",""postal_code"":""67890""}",scelerisquelorem,Personal,6/27/2022 1:41,Closed
47,Etiamvestibulum,condimentum@aol.net,"{""street"":""4444 Spruce St"",""city"":""City47"",""state"":""State47"",""postal_code"":""12345""}",eutellus,Personal,4/24/2023 2:04,Open
48,loremeu,sagittis.placerat@protonmail.org,"{""street"":""4545 Oak St"",""city"":""City48"",""state"":""State48"",""postal_code"":""67890""}",parturientmontesnascetur,Personal,3/17/2021 16:40,Closed
49,semelit,fusce.mi@outlook.couk,"{""street"":""4646 Pine St"",""city"":""City49"",""state"":""State49"",""postal_code"":""12345""}",molestietellusAenean,Personal,6/11/2021 19:47,Closed
50,Suspendissealiquet,ac.risus.morbi@aol.net,"{""street"":""4747 Cedar St"",""city"":""City50"",""state"":""State50"",""postal_code"":""67890""}",urnaNunc,Personal,2/18/2023 17:26,Open
51,Quisqueporttitor,sem.consequat@outlook.net,"{""street"":""123 Main St"",""city"":""City1"",""state"":""State1"",""postal_code"":""12345""}",nisl,Personal,10/16/2021 22:00,Open
52,pellentesquea,eget@protonmail.net,"{""street"":""456 Elm St"",""city"":""City2"",""state"":""State2"",""postal_code"":""67890""}",urnajustofaucibus,Personal,9/9/2021 22:20,Closed
53,feugiatLorem,a@yahoo.net,"{""street"":""789 Oak St"",""city"":""City3"",""state"":""State3"",""postal_code"":""12345""}",velnisl,Personal,6/25/2020 19:19,Open
54,consequatlectus,vivamus.nisi@icloud.org,"{""street"":""101 Pine St"",""city"":""City4"",""state"":""State4"",""postal_code"":""67890""}",pedeCumsociis,Personal,3/2/2021 5:29,Open
55,pedemalesuada,dis.parturient@hotmail.couk,"{""street"":""202 Cedar St"",""city"":""City5"",""state"":""State5"",""postal_code"":""12345""}",Proinvel,Personal,4/2/2024 21:07,Open
56,nisinibh,inceptos@aol.net,"{""street"":""303 Maple St"",""city"":""City6"",""state"":""State6"",""postal_code"":""67890""}",Nullamvitae,Personal,5/2/2022 15:17,Open
57,Curabiturconsequat,praesent.eu@yahoo.org,"{""street"":""404 Birch St"",""city"":""City7"",""state"":""State7"",""postal_code"":""12345""}",atortor,Personal,2/5/2021 21:13,Closed
58,nonfeugiat,ante.vivamus@protonmail.ca,"{""street"":""505 Walnut St"",""city"":""City8"",""state"":""State8"",""postal_code"":""67890""}",vulputatelacusCras,Personal,1/30/2022 20:34,Open
59,morbitristique,morbi.tristique.senectus@hotmail.ca,"{""street"":""606 Ash St"",""city"":""City9"",""state"":""State9"",""postal_code"":""12345""}",tinciduntdui,Personal,9/26/2022 14:19,Closed
60,massalobortis,molestie@aol.ca,"{""street"":""707 Chestnut St"",""city"":""City10"",""state"":""State10"",""postal_code"":""67890""}",eu,Personal,3/20/2023 21:07,Closed
61,dictumeleifend,convallis@protonmail.couk,"{""street"":""808 Spruce St"",""city"":""City11"",""state"":""State11"",""postal_code"":""12345""}",purusin,Personal,12/7/2022 1:51,Open
62,odioEtiam,quisque@outlook.net,"{""street"":""909 Oak St"",""city"":""City12"",""state"":""State12"",""postal_code"":""67890""}",odioAliquamvulputate,Personal,7/10/2020 2:54,Closed
63,dictumaugue,curae.donec@yahoo.net,"{""street"":""1010 Pine St"",""city"":""City13"",""state"":""State13"",""postal_code"":""12345""}",nequetellusimperdiet,Personal,3/9/2023 21:58,Open
64,musAenean,orci@icloud.couk,"{""street"":""1111 Cedar St"",""city"":""City14"",""state"":""State14"",""postal_code"":""67890""}",sed,Personal,3/28/2022 19:01,Open
65,scelerisquescelerisque,sollicitudin@icloud.ca,"{""street"":""1212 Maple St"",""city"":""City15"",""state"":""State15"",""postal_code"":""12345""}",Sed,Personal,12/5/2023 17:48,Open
66,Integereu,mauris.vestibulum.neque@yahoo.ca,"{""street"":""1313 Birch St"",""city"":""City16"",""state"":""State16"",""postal_code"":""67890""}",Cumsociis,Personal,2/14/2022 12:49,Closed
67,luctuset,nunc.ullamcorper@outlook.com,"{""street"":""1414 Walnut St"",""city"":""City17"",""state"":""State17"",""postal_code"":""12345""}",ipsum,Personal,1/25/2021 22:24,Closed
68,atrisus,dui.nec@outlook.couk,"{""street"":""1515 Ash St"",""city"":""City18"",""state"":""State18"",""postal_code"":""67890""}",Lorem,Personal,3/25/2022 21:56,Open
69,massarutrum,cras.vehicula@protonmail.com,"{""street"":""1616 Chestnut St"",""city"":""City19"",""state"":""State19"",""postal_code"":""12345""}",Donec,Personal,5/11/2023 9:35,Closed
70,dictumeleifend,mauris.rhoncus@yahoo.org,"{""street"":""1717 Spruce St"",""city"":""City20"",""state"":""State20"",""postal_code"":""67890""}",sedest,Personal,12/20/2020 5:13,Closed
71,nibhsit,cras@protonmail.org,"{""street"":""1818 Oak St"",""city"":""City21"",""state"":""State21"",""postal_code"":""12345""}",Namligula,Personal,10/20/2022 8:07,Closed
72,nuncest,vel.vulputate@icloud.couk,"{""street"":""1919 Pine St"",""city"":""City22"",""state"":""State22"",""postal_code"":""67890""}",urnaNullamlobortis,Personal,5/27/2020 16:43,Open
73,lectusante,nisl.sem@aol.org,"{""street"":""2020 Cedar St"",""city"":""City23"",""state"":""State23"",""postal_code"":""12345""}",pede,Personal,9/12/2023 4:03,Open
74,cursusnon,sed.pharetra@outlook.com,"{""street"":""2121 Maple St"",""city"":""City24"",""state"":""State24"",""postal_code"":""67890""}",orcitinciduntadipiscing,Personal,8/5/2023 16:55,Open
75,Maecenasiaculis,nec.imperdiet.nec@outlook.couk,"{""street"":""2222 Birch St"",""city"":""City25"",""state"":""State25"",""postal_code"":""12345""}",infaucibus,Personal,3/7/2021 13:17,Closed
76,faucibusorci,et@protonmail.org,"{""street"":""2323 Walnut St"",""city"":""City26"",""state"":""State26"",""postal_code"":""67890""}",posuerecubilia,Personal,5/9/2022 0:39,Open
77,facilisisSuspendisse,dapibus.ligula.aliquam@yahoo.org,"{""street"":""2424 Ash St"",""city"":""City27"",""state"":""State27"",""postal_code"":""12345""}",sagittisNullam,Business,2/10/2023 18:07,Open
78,seddui,vulputate.dui@google.couk,"{""street"":""2525 Chestnut St"",""city"":""City28"",""state"":""State28"",""postal_code"":""67890""}",velmauris,Personal,3/30/2024 12:53,Closed
79,malesuadafames,fames@yahoo.couk,"{""street"":""2626 Spruce St"",""city"":""City29"",""state"":""State29"",""postal_code"":""12345""}",tortorInteger,Personal,4/13/2024 4:21,Open
80,nullaat,ligula.elit.pretium@aol.ca,"{""street"":""2727 Oak St"",""city"":""City30"",""state"":""State30"",""postal_code"":""67890""}",maurisipsumporta,Personal,8/2/2023 6:36,Open
81,miac,id@protonmail.net,"{""street"":""2828 Pine St"",""city"":""City31"",""state"":""State31"",""postal_code"":""12345""}",auctornonfeugiat,Personal,3/24/2024 4:09,Closed
82,bibendumDonec,varius.nam.porttitor@outlook.com,"{""street"":""2929 Cedar St"",""city"":""City32"",""state"":""State32"",""postal_code"":""67890""}",iaculisaliquet,Business,8/8/2020 23:19,Closed
83,facilisisvitae,quisque.fringilla@protonmail.com,"{""street"":""3030 Maple St"",""city"":""City33"",""state"":""State33"",""postal_code"":""12345""}",habitantmorbitristique,Personal,3/16/2023 23:39,Closed
84,ategestas,libero.dui@aol.org,"{""street"":""3131 Birch St"",""city"":""City34"",""state"":""State34"",""postal_code"":""67890""}",nectempus,Personal,4/18/2024 14:38,Closed
85,cubiliaCurae,ornare.tortor@google.ca,"{""street"":""3232 Walnut St"",""city"":""City35"",""state"":""State35"",""postal_code"":""12345""}",maurisaliquameu,Business,11/4/2020 18:24,Closed
86,aaliquet,lorem.semper.auctor@icloud.net,"{""street"":""3333 Ash St"",""city"":""City36"",""state"":""State36"",""postal_code"":""67890""}",commodohendreritDonec,Personal,3/22/2022 18:58,Open
87,dolordapibus,blandit.nam@protonmail.com,"{""street"":""3434 Chestnut St"",""city"":""City37"",""state"":""State37"",""postal_code"":""12345""}",laciniaorci,Personal,12/11/2020 5:52,Open
88,posuerevulputate,lacus@aol.org,"{""street"":""3535 Spruce St"",""city"":""City38"",""state"":""State38"",""postal_code"":""67890""}",at,Personal,2/27/2023 19:00,Open
89,etnunc,mollis.nec@yahoo.edu,"{""street"":""3636 Oak St"",""city"":""City39"",""state"":""State39"",""postal_code"":""12345""}",luctusut,Personal,9/9/2021 12:17,Closed
90,orciluctus,aliquam.nisl@icloud.ca,"{""street"":""3737 Pine St"",""city"":""City40"",""state"":""State40"",""postal_code"":""67890""}",montesnasceturridiculus,Business,4/9/2024 22:42,Closed
91,ipsumnon,est.mollis@google.com,"{""street"":""3838 Cedar St"",""city"":""City41"",""state"":""State41"",""postal_code"":""12345""}",aarcuSed,Personal,11/27/2020 9:09,Open
92,nuncIn,et.magnis@aol.ca,"{""street"":""3939 Maple St"",""city"":""City42"",""state"":""State42"",""postal_code"":""67890""}",fringillaporttitor,Personal,8/5/2021 4:22,Open
93,lobortisquam,sed.eget.lacus@icloud.org,"{""street"":""4040 Birch St"",""city"":""City43"",""state"":""State43"",""postal_code"":""12345""}",Phaselluselit,Business,5/19/2022 23:36,Open
94,tempordiam,enim@aol.couk,"{""street"":""4141 Walnut St"",""city"":""City44"",""state"":""State44"",""postal_code"":""67890""}",leoCras,Business,7/10/2021 11:20,Closed
95,adui,netus.et@icloud.edu,"{""street"":""4242 Ash St"",""city"":""City45"",""state"":""State45"",""postal_code"":""12345""}",Aliquam,Business,10/1/2020 23:56,Closed
96,Nullasemper,habitant@hotmail.com,"{""street"":""4343 Chestnut St"",""city"":""City46"",""state"":""State46"",""postal_code"":""67890""}",loremluctusut,Business,8/10/2023 7:40,Open
97,rhoncusid,eu@aol.com,"{""street"":""4444 Spruce St"",""city"":""City47"",""state"":""State47"",""postal_code"":""12345""}",facilisi,Business,6/19/2021 2:38,Open
98,etnunc,sollicitudin.orci@hotmail.edu,"{""street"":""4545 Oak St"",""city"":""City48"",""state"":""State48"",""postal_code"":""67890""}",vitaepurus,Business,11/14/2022 6:35,Closed
99,maurissagittis,arcu.eu.odio@google.org,"{""street"":""4646 Pine St"",""city"":""City49"",""state"":""State49"",""postal_code"":""12345""}",quisaccumsan,Business,10/25/2021 5:12,Open
100,mollisdui,nisi.a@aol.com,"{""street"":""4747 Cedar St"",""city"":""City50"",""state"":""State50"",""postal_code"":""67890""}",interdumenim,Business,1/28/2022 20:30,Open
101,Aliquamtincidunt,consectetuer.ipsum@google.org,"{""street"":""123 Main St"",""city"":""City1"",""state"":""State1"",""postal_code"":""12345""}",nonnisiAenean,Business,4/25/2022 20:10,Closed
102,atortor,nec.metus@google.couk,"{""street"":""456 Elm St"",""city"":""City2"",""state"":""State2"",""postal_code"":""67890""}",laoreetposuere,Business,7/29/2021 19:59,Closed
103,Aliquamvulputate,magna.nec@protonmail.net,"{""street"":""789 Oak St"",""city"":""City3"",""state"":""State3"",""postal_code"":""12345""}",euelit,Personal,1/9/2022 4:18,Closed
104,Phaselluslibero,hendrerit.neque@protonmail.com,"{""street"":""101 Pine St"",""city"":""City4"",""state"":""State4"",""postal_code"":""67890""}",fermentumconvallisligula,Personal,3/26/2021 9:02,Open
105,nectempus,diam.duis.mi@hotmail.couk,"{""street"":""202 Cedar St"",""city"":""City5"",""state"":""State5"",""postal_code"":""12345""}",rutrumnonhendrerit,Personal,8/21/2021 18:24,Closed
106,arcuSed,penatibus.et.magnis@outlook.edu,"{""street"":""303 Maple St"",""city"":""City6"",""state"":""State6"",""postal_code"":""67890""}",eleifend,Personal,2/3/2023 18:47,Open
107,Nuncpulvinar,ornare.lectus.justo@hotmail.edu,"{""street"":""404 Birch St"",""city"":""City7"",""state"":""State7"",""postal_code"":""12345""}",enimdiamvel,Personal,10/7/2022 9:31,Open
108,eutempor,ligula@aol.ca,"{""street"":""505 Walnut St"",""city"":""City8"",""state"":""State8"",""postal_code"":""67890""}",ultricesiaculisodio,Personal,12/18/2021 17:00,Open
109,velturpis,duis.at@yahoo.ca,"{""street"":""606 Ash St"",""city"":""City9"",""state"":""State9"",""postal_code"":""12345""}",faucibus,Personal,10/30/2022 14:25,Open
110,turpisegestas,aliquet.proin@outlook.org,"{""street"":""707 Chestnut St"",""city"":""City10"",""state"":""State10"",""postal_code"":""67890""}",egetodio,Personal,8/22/2021 16:29,Closed
111,lobortisrisus,ullamcorper.velit.in@icloud.net,"{""street"":""808 Spruce St"",""city"":""City11"",""state"":""State11"",""postal_code"":""12345""}",erosProin,Personal,6/5/2022 2:14,Open
112,sodaleselit,aliquam.adipiscing.lacus@yahoo.com,"{""street"":""909 Oak St"",""city"":""City12"",""state"":""State12"",""postal_code"":""67890""}",orci,Personal,5/12/2021 6:18,Open
113,temporarcu,lacinia.mattis@google.com,"{""street"":""1010 Pine St"",""city"":""City13"",""state"":""State13"",""postal_code"":""12345""}",atvelit,Personal,1/28/2023 6:34,Closed
114,risusNulla,phasellus@protonmail.net,"{""street"":""1111 Cedar St"",""city"":""City14"",""state"":""State14"",""postal_code"":""67890""}",enimnon,Business,9/3/2020 15:53,Open
115,Inmi,aliquet.metus@aol.couk,"{""street"":""1212 Maple St"",""city"":""City15"",""state"":""State15"",""postal_code"":""12345""}",Suspendisse,Personal,2/7/2024 0:17,Closed
116,mollisDuis,netus.et@google.couk,"{""street"":""1313 Birch St"",""city"":""City16"",""state"":""State16"",""postal_code"":""67890""}",Fuscemollis,Personal,11/21/2022 11:08,Closed
117,ametmetus,vestibulum.accumsan@outlook.couk,"{""street"":""1414 Walnut St"",""city"":""City17"",""state"":""State17"",""postal_code"":""12345""}",felisorci,Personal,6/2/2021 21:38,Closed
118,arcuVestibulum,tincidunt@hotmail.com,"{""street"":""1515 Ash St"",""city"":""City18"",""state"":""State18"",""postal_code"":""67890""}",Crasinterdum,Personal,4/13/2022 17:32,Closed
119,dictummagna,risus.donec.nibh@yahoo.edu,"{""street"":""1616 Chestnut St"",""city"":""City19"",""state"":""State19"",""postal_code"":""12345""}",ante,Personal,7/10/2020 18:38,Open
120,atlacus,scelerisque.scelerisque@outlook.net,"{""street"":""1717 Spruce St"",""city"":""City20"",""state"":""State20"",""postal_code"":""67890""}",luctussit,Personal,1/12/2024 17:30,Open
121,velitQuisque,nunc.sollicitudin@outlook.org,"{""street"":""1818 Oak St"",""city"":""City21"",""state"":""State21"",""postal_code"":""12345""}",dapibusrutrum,Business,12/18/2023 8:19,Closed
122,maurisrhoncus,velit.pellentesque@outlook.com,"{""street"":""1919 Pine St"",""city"":""City22"",""state"":""State22"",""postal_code"":""67890""}",consequat,Business,10/6/2021 19:16,Open
123,Proinnon,adipiscing.enim@protonmail.ca,"{""street"":""2020 Cedar St"",""city"":""City23"",""state"":""State23"",""postal_code"":""12345""}",atvelit,Business,3/16/2021 3:20,Closed
124,estac,ut.lacus@icloud.couk,"{""street"":""2121 Maple St"",""city"":""City24"",""state"":""State24"",""postal_code"":""67890""}",primisinfaucibus,Business,3/23/2024 23:11,Closed
125,luctuset,velit@icloud.com,"{""street"":""2222 Birch St"",""city"":""City25"",""state"":""State25"",""postal_code"":""12345""}",utquam,Business,11/10/2021 8:05,Open
126,eueros,gravida.molestie.arcu@protonmail.ca,"{""street"":""2323 Walnut St"",""city"":""City26"",""state"":""State26"",""postal_code"":""67890""}",vitaesemper,Business,1/31/2024 10:49,Open
127,molestieorci,enim.mauris@outlook.net,"{""street"":""2424 Ash St"",""city"":""City27"",""state"":""State27"",""postal_code"":""12345""}",volutpatornare,Business,8/1/2022 15:43,Closed
128,Proinvel,aliquam.ornare@icloud.org,"{""street"":""2525 Chestnut St"",""city"":""City28"",""state"":""State28"",""postal_code"":""67890""}",nibhdolor,Personal,9/18/2022 13:37,Open
129,nonmassa,eget@yahoo.net,"{""street"":""2626 Spruce St"",""city"":""City29"",""state"":""State29"",""postal_code"":""12345""}",Phaselluslibero,Personal,5/2/2021 14:44,Open
130,aliquamiaculis,lacus.nulla.tincidunt@hotmail.couk,"{""street"":""2727 Oak St"",""city"":""City30"",""state"":""State30"",""postal_code"":""67890""}",variusNamporttitor,Personal,1/14/2021 5:54,Closed
131,odiosagittis,sed.et@hotmail.couk,"{""street"":""2828 Pine St"",""city"":""City31"",""state"":""State31"",""postal_code"":""12345""}",dui,Personal,3/9/2024 12:14,Closed
132,Praesentluctus,ut.odio.vel@hotmail.org,"{""street"":""2929 Cedar St"",""city"":""City32"",""state"":""State32"",""postal_code"":""67890""}",nequepellentesquemassa,Personal,10/10/2023 16:48,Closed
133,mattisvelit,libero@outlook.com,"{""street"":""3030 Maple St"",""city"":""City33"",""state"":""State33"",""postal_code"":""12345""}",mienim,Personal,5/19/2021 15:01,Open
134,pellentesqueeget,bibendum.fermentum.metus@yahoo.org,"{""street"":""3131 Birch St"",""city"":""City34"",""state"":""State34"",""postal_code"":""67890""}",Duis,Personal,8/19/2020 17:35,Closed
135,tempuslorem,est.tempor@google.com,"{""street"":""3232 Walnut St"",""city"":""City35"",""state"":""State35"",""postal_code"":""12345""}",tempus,Personal,12/21/2020 20:42,Closed
136,porttitorinterdum,enim.sit@icloud.ca,"{""street"":""3333 Ash St"",""city"":""City36"",""state"":""State36"",""postal_code"":""67890""}",neque,Personal,2/25/2021 20:20,Open
137,ametorci,nunc.mauris@hotmail.edu,"{""street"":""3434 Chestnut St"",""city"":""City37"",""state"":""State37"",""postal_code"":""12345""}",varius,Personal,6/22/2021 12:13,Open
138,Phasellusdapibus,nulla.dignissim.maecenas@hotmail.com,"{""street"":""3535 Spruce St"",""city"":""City38"",""state"":""State38"",""postal_code"":""67890""}",euerat,Personal,7/29/2023 13:37,Closed
139,nondapibus,cum.sociis@google.com,"{""street"":""3636 Oak St"",""city"":""City39"",""state"":""State39"",""postal_code"":""12345""}",egestas,Business,3/3/2021 16:08,Open
140,aceleifend,in.at@icloud.edu,"{""street"":""3737 Pine St"",""city"":""City40"",""state"":""State40"",""postal_code"":""67890""}",semegestas,Personal,3/15/2024 22:28,Open
141,rutrumnon,vel@aol.edu,"{""street"":""3838 Cedar St"",""city"":""City41"",""state"":""State41"",""postal_code"":""12345""}",nec,Personal,6/11/2022 3:28,Closed
142,egestasnunc,etiam.gravida@hotmail.net,"{""street"":""3939 Maple St"",""city"":""City42"",""state"":""State42"",""postal_code"":""67890""}",rhoncus,Business,1/19/2023 1:11,Closed
143,dignissimmagna,diam.lorem@yahoo.edu,"{""street"":""4040 Birch St"",""city"":""City43"",""state"":""State43"",""postal_code"":""12345""}",egetvenenatis,Personal,8/19/2023 8:58,Closed
144,fringillapurus,arcu.vivamus@hotmail.org,"{""street"":""4141 Walnut St"",""city"":""City44"",""state"":""State44"",""postal_code"":""67890""}",fringillapurus,Personal,5/30/2023 4:06,Closed
145,utodio,et.eros@icloud.org,"{""street"":""4242 Ash St"",""city"":""City45"",""state"":""State45"",""postal_code"":""12345""}",eu,Personal,9/7/2023 12:34,Open
146,nuncest,dictum.cursus.nunc@protonmail.com,"{""street"":""4343 Chestnut St"",""city"":""City46"",""state"":""State46"",""postal_code"":""67890""}",In,Personal,7/13/2021 14:50,Open
147,Aliquamnisl,ipsum.porta@google.org,"{""street"":""4444 Spruce St"",""city"":""City47"",""state"":""State47"",""postal_code"":""12345""}",pede,Business,1/12/2021 14:24,Open
148,velturpis,diam.eu.dolor@outlook.org,"{""street"":""4545 Oak St"",""city"":""City48"",""state"":""State48"",""postal_code"":""67890""}",malesuadafringillaest,Business,8/6/2023 16:48,Closed
149,etmalesuada,cras@icloud.net,"{""street"":""4646 Pine St"",""city"":""City49"",""state"":""State49"",""postal_code"":""12345""}",egestasSedpharetra,Business,4/14/2022 9:12,Open
150,dolorelit,ipsum@outlook.couk,"{""street"":""4747 Cedar St"",""city"":""City50"",""state"":""State50"",""postal_code"":""67890""}",temporerat,Business,9/14/2021 18:54,Open
151,lectusante,quisque@aol.net,"{""street"":""123 Main St"",""city"":""City1"",""state"":""State1"",""postal_code"":""12345""}",netusetmalesuada,Business,9/23/2021 2:01,Open
152,eutempor,hendrerit@outlook.edu,"{""street"":""456 Elm St"",""city"":""City2"",""state"":""State2"",""postal_code"":""67890""}",natoque,Business,5/18/2021 13:47,Open
153,Vestibulumante,non@outlook.edu,"{""street"":""789 Oak St"",""city"":""City3"",""state"":""State3"",""postal_code"":""12345""}",congueturpis,Business,4/7/2021 12:48,Closed
154,faucibusorci,lorem.auctor.quis@google.couk,"{""street"":""101 Pine St"",""city"":""City4"",""state"":""State4"",""postal_code"":""67890""}",NullaaliquetProin,Business,5/14/2023 15:21,Open
155,Nuncmauris,quisque.fringilla@protonmail.couk,"{""street"":""202 Cedar St"",""city"":""City5"",""state"":""State5"",""postal_code"":""12345""}",lobortis,Business,11/10/2022 16:05,Open
156,eratsemper,congue.in.scelerisque@hotmail.com,"{""street"":""303 Maple St"",""city"":""City6"",""state"":""State6"",""postal_code"":""67890""}",semsemper,Business,7/23/2022 2:22,Closed
157,disparturient,arcu@outlook.net,"{""street"":""404 Birch St"",""city"":""City7"",""state"":""State7"",""postal_code"":""12345""}",Suspendisseacmetus,Business,11/5/2023 14:56,Closed
158,gravidasit,ac.orci.ut@aol.couk,"{""street"":""505 Walnut St"",""city"":""City8"",""state"":""State8"",""postal_code"":""67890""}",arcuvel,Business,5/14/2023 3:37,Open
159,auctornunc,egestas.sed@google.couk,"{""street"":""606 Ash St"",""city"":""City9"",""state"":""State9"",""postal_code"":""12345""}",aultricies,Business,7/3/2020 14:31,Open
160,loremvitae,quam@hotmail.net,"{""street"":""707 Chestnut St"",""city"":""City10"",""state"":""State10"",""postal_code"":""67890""}",Quisque,Business,8/29/2023 19:23,Closed
161,sodalesat,nulla.dignissim@outlook.org,"{""street"":""808 Spruce St"",""city"":""City11"",""state"":""State11"",""postal_code"":""12345""}",nonummyFusce,Business,5/27/2020 2:36,Open
162,adipiscingfringilla,enim.nunc@hotmail.net,"{""street"":""909 Oak St"",""city"":""City12"",""state"":""State12"",""postal_code"":""67890""}",ipsumprimis,Business,3/25/2022 3:52,Closed
163,facilisislorem,nibh@icloud.ca,"{""street"":""1010 Pine St"",""city"":""City13"",""state"":""State13"",""postal_code"":""12345""}",inlobortis,Business,12/2/2022 1:32,Open
164,enimEtiam,suspendisse@google.edu,"{""street"":""1111 Cedar St"",""city"":""City14"",""state"":""State14"",""postal_code"":""67890""}",diamProin,Business,7/24/2023 13:43,Closed
165,egetlaoreet,cum.sociis@outlook.couk,"{""street"":""1212 Maple St"",""city"":""City15"",""state"":""State15"",""postal_code"":""12345""}",netuset,Business,5/12/2021 16:05,Open
166,adui,lobortis.tellus@protonmail.couk,"{""street"":""1313 Birch St"",""city"":""City16"",""state"":""State16"",""postal_code"":""67890""}",arcuvel,Business,5/13/2023 21:35,Closed
167,portaelit,luctus@aol.net,"{""street"":""1414 Walnut St"",""city"":""City17"",""state"":""State17"",""postal_code"":""12345""}",blanditenimconsequat,Business,2/24/2021 15:32,Open
168,euismodurna,elit.pede.malesuada@outlook.couk,"{""street"":""1515 Ash St"",""city"":""City18"",""state"":""State18"",""postal_code"":""67890""}",risusQuisque,Business,1/19/2023 20:26,Closed
169,risusNulla,aliquam.rutrum.lorem@icloud.com,"{""street"":""1616 Chestnut St"",""city"":""City19"",""state"":""State19"",""postal_code"":""12345""}",per,Business,7/29/2021 2:35,Closed
170,Sedmolestie,adipiscing.non@yahoo.org,"{""street"":""1717 Spruce St"",""city"":""City20"",""state"":""State20"",""postal_code"":""67890""}",Namligula,Business,10/31/2022 11:01,Closed
171,estmollis,malesuada.integer@yahoo.net,"{""street"":""1818 Oak St"",""city"":""City21"",""state"":""State21"",""postal_code"":""12345""}",netuset,Business,10/28/2022 5:16,Closed
172,nonmagna,a.odio@protonmail.net,"{""street"":""1919 Pine St"",""city"":""City22"",""state"":""State22"",""postal_code"":""67890""}",ipsumnuncid,Business,12/6/2020 0:24,Closed
173,fermentumvel,vel.quam.dignissim@aol.org,"{""street"":""2020 Cedar St"",""city"":""City23"",""state"":""State23"",""postal_code"":""12345""}",id,Business,5/20/2023 9:34,Closed
174,auctorMauris,in.scelerisque@protonmail.couk,"{""street"":""2121 Maple St"",""city"":""City24"",""state"":""State24"",""postal_code"":""67890""}",purus,Business,6/29/2021 21:57,Closed
175,luctuslobortis,lorem.donec@yahoo.edu,"{""street"":""2222 Birch St"",""city"":""City25"",""state"":""State25"",""postal_code"":""12345""}",risus,Business,1/31/2022 2:49,Closed
176,semmollis,mattis.cras@aol.org,"{""street"":""2323 Walnut St"",""city"":""City26"",""state"":""State26"",""postal_code"":""67890""}",augue,Business,6/2/2023 17:47,Open
177,velitjusto,odio@outlook.org,"{""street"":""2424 Ash St"",""city"":""City27"",""state"":""State27"",""postal_code"":""12345""}",Intincidunt,Business,5/6/2022 1:38,Closed
178,sitamet,aliquet.vel@outlook.net,"{""street"":""2525 Chestnut St"",""city"":""City28"",""state"":""State28"",""postal_code"":""67890""}",Phasellusvitae,Business,7/16/2020 19:26,Closed
179,ametconsectetuer,facilisi.sed.neque@aol.edu,"{""street"":""2626 Spruce St"",""city"":""City29"",""state"":""State29"",""postal_code"":""12345""}",etultricesposuere,Business,3/3/2022 21:04,Closed
180,Praesenteu,vestibulum@google.org,"{""street"":""2727 Oak St"",""city"":""City30"",""state"":""State30"",""postal_code"":""67890""}",feugiat,Business,1/7/2024 17:48,Open
181,orciluctus,dui.fusce@outlook.edu,"{""street"":""2828 Pine St"",""city"":""City31"",""state"":""State31"",""postal_code"":""12345""}",auctorquistristique,Business,2/2/2024 11:11,Open
182,vulputaterisus,ante@aol.org,"{""street"":""2929 Cedar St"",""city"":""City32"",""state"":""State32"",""postal_code"":""67890""}",sedsemegestas,Business,11/6/2022 2:49,Open
183,cursusdiam,id.risus@aol.ca,"{""street"":""3030 Maple St"",""city"":""City33"",""state"":""State33"",""postal_code"":""12345""}",Aliquamadipiscinglobortis,Business,11/16/2023 20:58,Open
184,vestibulumnec,sem@icloud.com,"{""street"":""3131 Birch St"",""city"":""City34"",""state"":""State34"",""postal_code"":""67890""}",malesuadavelvenenatis,Business,11/6/2021 20:57,Closed
185,Quisqueac,fringilla.cursus@icloud.org,"{""street"":""3232 Walnut St"",""city"":""City35"",""state"":""State35"",""postal_code"":""12345""}",malesuada,Business,10/17/2022 5:53,Open
186,duiFusce,id.sapien@hotmail.couk,"{""street"":""3333 Ash St"",""city"":""City36"",""state"":""State36"",""postal_code"":""67890""}",nequevitae,Business,11/3/2023 17:14,Closed
187,ornareelit,quis.diam@icloud.org,"{""street"":""3434 Chestnut St"",""city"":""City37"",""state"":""State37"",""postal_code"":""12345""}",porttitorscelerisqueneque,Business,3/22/2021 15:20,Open
188,ametfaucibus,arcu.sed.eu@hotmail.com,"{""street"":""3535 Spruce St"",""city"":""City38"",""state"":""State38"",""postal_code"":""67890""}",Aliquamnec,Business,8/11/2021 22:10,Closed
189,Aliquamvulputate,aliquet@outlook.net,"{""street"":""3636 Oak St"",""city"":""City39"",""state"":""State39"",""postal_code"":""12345""}",ultriciesligula,Business,6/5/2020 13:51,Open
190,tellusjusto,duis.ac.arcu@google.net,"{""street"":""3737 Pine St"",""city"":""City40"",""state"":""State40"",""postal_code"":""67890""}",nullamagna,Business,11/7/2020 18:46,Open
191,ataugue,cum.sociis.natoque@aol.edu,"{""street"":""3838 Cedar St"",""city"":""City41"",""state"":""State41"",""postal_code"":""12345""}",neccursusa,Business,6/6/2022 14:38,Closed
192,volutpatNulla,dolor.donec.fringilla@aol.org,"{""street"":""3939 Maple St"",""city"":""City42"",""state"":""State42"",""postal_code"":""67890""}",magnaet,Business,1/22/2021 19:56,Open
193,Nullatincidunt,id.sapien@protonmail.com,"{""street"":""4040 Birch St"",""city"":""City43"",""state"":""State43"",""postal_code"":""12345""}",Phasellusdapibus,Business,9/5/2020 2:08,Open
194,cursusa,vestibulum.neque@icloud.couk,"{""street"":""4141 Walnut St"",""city"":""City44"",""state"":""State44"",""postal_code"":""67890""}",justo,Business,8/8/2020 9:46,Open
195,Infaucibus,felis.ullamcorper@yahoo.edu,"{""street"":""4242 Ash St"",""city"":""City45"",""state"":""State45"",""postal_code"":""12345""}",natoquepenatibuset,Business,6/21/2020 11:33,Closed
196,ultricesposuere,praesent.interdum.ligula@google.ca,"{""street"":""4343 Chestnut St"",""city"":""City46"",""state"":""State46"",""postal_code"":""67890""}",Cras,Business,1/23/2023 22:16,Open
197,blanditenim,mauris@aol.org,"{""street"":""4444 Spruce St"",""city"":""City47"",""state"":""State47"",""postal_code"":""12345""}",vestibulumneque,Business,12/14/2020 12:33,Open
198,tristiquesenectus,sit.amet@hotmail.org,"{""street"":""4545 Oak St"",""city"":""City48"",""state"":""State48"",""postal_code"":""67890""}",nibhQuisquenonummy,Business,1/17/2023 10:04,Open
199,adipiscinglacus,eleifend.egestas@aol.net,"{""street"":""4646 Pine St"",""city"":""City49"",""state"":""State49"",""postal_code"":""12345""}",vitaesemperegestas,Personal,7/3/2021 7:30,Closed
200,vitaerisus,suspendisse.aliquet@google.ca,"{""street"":""4747 Cedar St"",""city"":""City50"",""state"":""State50"",""postal_code"":""67890""}",malesuadafames,Personal,3/5/2024 21:10,Closed
201,lacuspede,neque.venenatis@hotmail.org,"{""street"":""123 Main St"",""city"":""City1"",""state"":""State1"",""postal_code"":""12345""}",ligulaelit,Personal,3/22/2023 13:46,Open
202,nibhenim,blandit.viverra.donec@outlook.net,"{""street"":""456 Elm St"",""city"":""City2"",""state"":""State2"",""postal_code"":""67890""}",enimcondimentumeget,Business,5/4/2023 21:29,Open
203,justoProin,nulla@hotmail.org,"{""street"":""789 Oak St"",""city"":""City3"",""state"":""State3"",""postal_code"":""12345""}",NullafacilisiSed,Personal,6/25/2022 3:28,Open
204,Donecelementum,eros.proin.ultrices@hotmail.edu,"{""street"":""101 Pine St"",""city"":""City4"",""state"":""State4"",""postal_code"":""67890""}",sodalespurus,Personal,10/12/2020 23:18,Open
205,elementumlorem,dis.parturient.montes@protonmail.couk,"{""street"":""202 Cedar St"",""city"":""City5"",""state"":""State5"",""postal_code"":""12345""}",arcuVestibulum,Personal,8/9/2021 22:45,Open
206,euaccumsan,et.eros@icloud.edu,"{""street"":""303 Maple St"",""city"":""City6"",""state"":""State6"",""postal_code"":""67890""}",semperNam,Personal,1/12/2024 15:27,Closed
207,famesac,eu.ligula@aol.couk,"{""street"":""404 Birch St"",""city"":""City7"",""state"":""State7"",""postal_code"":""12345""}",scelerisque,Personal,5/13/2022 8:42,Closed
208,Donecnon,augue.eu@aol.couk,"{""street"":""505 Walnut St"",""city"":""City8"",""state"":""State8"",""postal_code"":""67890""}",amet,Personal,7/27/2022 10:18,Closed
209,metusAenean,arcu@icloud.net,"{""street"":""606 Ash St"",""city"":""City9"",""state"":""State9"",""postal_code"":""12345""}",dolor,Personal,7/13/2021 14:56,Open
210,ridiculusmus,ipsum.dolor@google.net,"{""street"":""707 Chestnut St"",""city"":""City10"",""state"":""State10"",""postal_code"":""67890""}",estac,Personal,5/8/2022 9:24,Closed
211,dolorNulla,ipsum.dolor@outlook.com,"{""street"":""808 Spruce St"",""city"":""City11"",""state"":""State11"",""postal_code"":""12345""}",eu,Personal,7/12/2023 8:34,Open
212,sitamet,quam.pellentesque.habitant@hotmail.ca,"{""street"":""909 Oak St"",""city"":""City12"",""state"":""State12"",""postal_code"":""67890""}",mus,Personal,4/16/2023 14:43,Closed
213,malesuadaInteger,ut.nisi.a@outlook.org,"{""street"":""1010 Pine St"",""city"":""City13"",""state"":""State13"",""postal_code"":""12345""}",diam,Personal,12/21/2021 1:55,Closed
214,Quisquetincidunt,nunc.pulvinar.arcu@hotmail.couk,"{""street"":""1111 Cedar St"",""city"":""City14"",""state"":""State14"",""postal_code"":""67890""}",semNulla,Personal,5/14/2021 5:12,Open
215,atfringilla,vitae@google.net,"{""street"":""1212 Maple St"",""city"":""City15"",""state"":""State15"",""postal_code"":""12345""}",Fuscedolorquam,Personal,5/4/2021 15:01,Open
216,Donectempor,suscipit.nonummy@icloud.net,"{""street"":""1313 Birch St"",""city"":""City16"",""state"":""State16"",""postal_code"":""67890""}",mauriserat,Personal,5/24/2021 4:51,Closed
217,dignissimlacus,et.tristique@google.ca,"{""street"":""1414 Walnut St"",""city"":""City17"",""state"":""State17"",""postal_code"":""12345""}",diamloremauctor,Personal,6/19/2023 17:45,Closed
218,miAliquam,iaculis.nec.eleifend@hotmail.couk,"{""street"":""1515 Ash St"",""city"":""City18"",""state"":""State18"",""postal_code"":""67890""}",ametluctus,Personal,10/3/2022 9:17,Open
219,liberoDonec,pede.praesent@yahoo.couk,"{""street"":""1616 Chestnut St"",""city"":""City19"",""state"":""State19"",""postal_code"":""12345""}",arcuAliquamultrices,Personal,6/19/2023 2:59,Closed
220,antedictum,eleifend.nec@protonmail.org,"{""street"":""1717 Spruce St"",""city"":""City20"",""state"":""State20"",""postal_code"":""67890""}",loremeget,Personal,5/13/2023 7:03,Open
221,ridiculusmus,elit@aol.com,"{""street"":""1818 Oak St"",""city"":""City21"",""state"":""State21"",""postal_code"":""12345""}",arcuAliquam,Business,9/12/2023 12:22,Open
222,augueac,vitae.orci@outlook.couk,"{""street"":""1919 Pine St"",""city"":""City22"",""state"":""State22"",""postal_code"":""67890""}",Etiambibendum,Personal,2/27/2024 21:35,Open
223,semeget,donec.feugiat@protonmail.net,"{""street"":""2020 Cedar St"",""city"":""City23"",""state"":""State23"",""postal_code"":""12345""}",eudui,Personal,2/4/2022 2:11,Closed
224,sitamet,tellus.imperdiet@protonmail.org,"{""street"":""2121 Maple St"",""city"":""City24"",""state"":""State24"",""postal_code"":""67890""}",at,Personal,10/25/2020 13:12,Open
225,Quisqueimperdiet,non.lobortis@aol.ca,"{""street"":""2222 Birch St"",""city"":""City25"",""state"":""State25"",""postal_code"":""12345""}",nequeet,Personal,7/18/2021 15:06,Open
226,risusIn,donec.tempus@google.net,"{""street"":""2323 Walnut St"",""city"":""City26"",""state"":""State26"",""postal_code"":""67890""}",vulputate,Personal,4/2/2022 11:50,Closed
227,elitelit,tellus@icloud.couk,"{""street"":""2424 Ash St"",""city"":""City27"",""state"":""State27"",""postal_code"":""12345""}",Vestibulum,Business,11/17/2022 11:42,Closed
228,euligula,nec.mauris.blandit@hotmail.couk,"{""street"":""2525 Chestnut St"",""city"":""City28"",""state"":""State28"",""postal_code"":""67890""}",vulputateposuere,Personal,3/4/2021 8:39,Open
229,enimdiam,blandit.at@hotmail.com,"{""street"":""2626 Spruce St"",""city"":""City29"",""state"":""State29"",""postal_code"":""12345""}",Nuncac,Personal,11/7/2022 4:49,Closed
230,eulacus,sapien.cursus@yahoo.com,"{""street"":""2727 Oak St"",""city"":""City30"",""state"":""State30"",""postal_code"":""67890""}",fringillaporttitor,Personal,7/15/2023 10:26,Closed
231,nonlacinia,lacus.cras@yahoo.com,"{""street"":""2828 Pine St"",""city"":""City31"",""state"":""State31"",""postal_code"":""12345""}",tellusimperdietnon,Personal,6/3/2021 7:16,Closed
232,justoProin,etiam.vestibulum@aol.ca,"{""street"":""2929 Cedar St"",""city"":""City32"",""state"":""State32"",""postal_code"":""67890""}",famesac,Personal,12/31/2020 14:46,Open
233,netuset,dolor@icloud.org,"{""street"":""3030 Maple St"",""city"":""City33"",""state"":""State33"",""postal_code"":""12345""}",fermentum,Personal,12/1/2023 0:58,Closed
234,urnasuscipit,integer.sem.elit@hotmail.edu,"{""street"":""3131 Birch St"",""city"":""City34"",""state"":""State34"",""postal_code"":""67890""}",elitfermentum,Personal,7/17/2022 13:05,Open
235,parturientmontes,lobortis.nisi@yahoo.couk,"{""street"":""3232 Walnut St"",""city"":""City35"",""state"":""State35"",""postal_code"":""12345""}",Namporttitorscelerisque,Personal,1/23/2021 8:05,Closed
236,turpisegestas,primis.in@protonmail.org,"{""street"":""3333 Ash St"",""city"":""City36"",""state"":""State36"",""postal_code"":""67890""}",estMauriseu,Personal,9/16/2022 1:00,Open
237,nequeMorbi,suscipit.nonummy.fusce@google.edu,"{""street"":""3434 Chestnut St"",""city"":""City37"",""state"":""State37"",""postal_code"":""12345""}",ipsum,Personal,5/13/2021 1:12,Closed
238,antedictum,quam.curabitur@yahoo.com,"{""street"":""3535 Spruce St"",""city"":""City38"",""state"":""State38"",""postal_code"":""67890""}",mauriserateget,Personal,7/24/2021 23:22,Closed
239,loremut,dolor.nulla@icloud.com,"{""street"":""3636 Oak St"",""city"":""City39"",""state"":""State39"",""postal_code"":""12345""}",vulputateullamcorper,Personal,3/17/2021 15:57,Closed
240,ultricesa,id.sapien@protonmail.edu,"{""street"":""3737 Pine St"",""city"":""City40"",""state"":""State40"",""postal_code"":""67890""}",erat,Personal,3/7/2024 9:28,Open
241,purusac,erat.neque.non@icloud.org,"{""street"":""3838 Cedar St"",""city"":""City41"",""state"":""State41"",""postal_code"":""12345""}",urnajustofaucibus,Personal,6/23/2022 17:26,Open
242,nectellus,enim@google.org,"{""street"":""3939 Maple St"",""city"":""City42"",""state"":""State42"",""postal_code"":""67890""}",enimSuspendisse,Personal,9/2/2022 13:32,Open
243,lectusante,nibh.phasellus.nulla@aol.net,"{""street"":""4040 Birch St"",""city"":""City43"",""state"":""State43"",""postal_code"":""12345""}",pretium,Personal,4/11/2024 23:52,Closed
244,risusIn,tempus.scelerisque.lorem@outlook.com,"{""street"":""4141 Walnut St"",""city"":""City44"",""state"":""State44"",""postal_code"":""67890""}",Duissit,Personal,8/6/2020 21:42,Closed
245,hendreritDonec,malesuada.integer@aol.net,"{""street"":""4242 Ash St"",""city"":""City45"",""state"":""State45"",""postal_code"":""12345""}",mitemporlorem,Personal,11/8/2021 4:28,Closed
246,anunc,dis@google.com,"{""street"":""4343 Chestnut St"",""city"":""City46"",""state"":""State46"",""postal_code"":""67890""}",Aeneansed,Personal,3/23/2023 16:46,Open
247,sitamet,dis.parturient@protonmail.ca,"{""street"":""4444 Spruce St"",""city"":""City47"",""state"":""State47"",""postal_code"":""12345""}",vitae,Personal,2/23/2024 4:16,Open
248,orciluctus,integer@hotmail.org,"{""street"":""4545 Oak St"",""city"":""City48"",""state"":""State48"",""postal_code"":""67890""}",lectusrutrum,Personal,2/15/2021 2:39,Open
249,etrutrum,id@yahoo.edu,"{""street"":""4646 Pine St"",""city"":""City49"",""state"":""State49"",""postal_code"":""12345""}",semmollis,Personal,8/6/2023 4:41,Closed
250,laciniaorci,non.quam@protonmail.ca,"{""street"":""4747 Cedar St"",""city"":""City50"",""state"":""State50"",""postal_code"":""67890""}",sapienmolestie,Personal,5/6/2023 11:24,Closed
251,Proinsed,sed.eget@yahoo.com,"{""street"":""123 Main St"",""city"":""City1"",""state"":""State1"",""postal_code"":""12345""}",sed,Personal,2/27/2023 17:00,Open
252,ipsumnunc,consectetuer.mauris.id@icloud.com,"{""street"":""456 Elm St"",""city"":""City2"",""state"":""State2"",""postal_code"":""67890""}",magnis,Personal,7/23/2022 8:33,Closed
253,velvenenatis,in@hotmail.net,"{""street"":""789 Oak St"",""city"":""City3"",""state"":""State3"",""postal_code"":""12345""}",diamvel,Personal,11/30/2022 6:15,Open
254,Integerurna,quam.vel.sapien@google.com,"{""street"":""101 Pine St"",""city"":""City4"",""state"":""State4"",""postal_code"":""67890""}",est,Personal,11/29/2021 20:27,Open
255,eleifendegestas,nibh.quisque.nonummy@outlook.ca,"{""street"":""202 Cedar St"",""city"":""City5"",""state"":""State5"",""postal_code"":""12345""}",portaelita,Personal,6/25/2021 11:43,Closed
256,metussit,porttitor@google.net,"{""street"":""303 Maple St"",""city"":""City6"",""state"":""State6"",""postal_code"":""67890""}",lacusvestibulum,Personal,1/24/2023 21:04,Closed
257,orciconsectetuer,magna.ut.tincidunt@aol.net,"{""street"":""404 Birch St"",""city"":""City7"",""state"":""State7"",""postal_code"":""12345""}",consequatlectussit,Personal,11/1/2020 3:16,Open
258,aliquetnec,adipiscing.elit@aol.org,"{""street"":""505 Walnut St"",""city"":""City8"",""state"":""State8"",""postal_code"":""67890""}",amalesuada,Personal,7/22/2020 20:15,Closed
259,Loremipsum,ornare.egestas@google.ca,"{""street"":""606 Ash St"",""city"":""City9"",""state"":""State9"",""postal_code"":""12345""}",venenatis,Personal,2/15/2022 6:21,Closed
260,musDonec,vel.sapien@hotmail.net,"{""street"":""707 Chestnut St"",""city"":""City10"",""state"":""State10"",""postal_code"":""67890""}",vulputateeu,Personal,1/11/2021 4:02,Closed
261,orcisem,duis.dignissim@aol.org,"{""street"":""808 Spruce St"",""city"":""City11"",""state"":""State11"",""postal_code"":""12345""}",auctor,Personal,10/3/2022 2:18,Closed
262,Fuscealiquam,nisl.sem@aol.org,"{""street"":""909 Oak St"",""city"":""City12"",""state"":""State12"",""postal_code"":""67890""}",necipsum,Personal,1/12/2021 20:56,Open
263,velquam,placerat.cras@aol.couk,"{""street"":""1010 Pine St"",""city"":""City13"",""state"":""State13"",""postal_code"":""12345""}",Nuncquis,Personal,8/25/2021 7:08,Closed
264,Crasinterdum,ipsum@google.edu,"{""street"":""1111 Cedar St"",""city"":""City14"",""state"":""State14"",""postal_code"":""67890""}",idnunc,Personal,12/12/2022 7:22,Closed
265,semeget,nec.orci@protonmail.ca,"{""street"":""1212 Maple St"",""city"":""City15"",""state"":""State15"",""postal_code"":""12345""}",ligulaNullamenim,Personal,11/15/2020 1:27,Closed
266,Duiselementum,etiam.ligula.tortor@protonmail.org,"{""street"":""1313 Birch St"",""city"":""City16"",""state"":""State16"",""postal_code"":""67890""}",Aliquamrutrum,Personal,1/7/2022 8:37,Open
267,orciUt,cubilia@icloud.net,"{""street"":""1414 Walnut St"",""city"":""City17"",""state"":""State17"",""postal_code"":""12345""}",temporlorem,Personal,5/2/2021 20:36,Closed
268,etipsum,duis@yahoo.net,"{""street"":""1515 Ash St"",""city"":""City18"",""state"":""State18"",""postal_code"":""67890""}",senectuset,Personal,10/12/2020 15:53,Open
269,variusNam,blandit@icloud.edu,"{""street"":""1616 Chestnut St"",""city"":""City19"",""state"":""State19"",""postal_code"":""12345""}",mi,Personal,11/4/2021 8:18,Open
270,risusDonec,molestie.tortor@google.couk,"{""street"":""1717 Spruce St"",""city"":""City20"",""state"":""State20"",""postal_code"":""67890""}",atnisi,Personal,11/1/2021 17:37,Closed
271,orcitincidunt,consectetuer@yahoo.org,"{""street"":""1818 Oak St"",""city"":""City21"",""state"":""State21"",""postal_code"":""12345""}",ac,Personal,11/16/2023 14:08,Closed
272,Aliquamerat,elit.elit@outlook.net,"{""street"":""1919 Pine St"",""city"":""City22"",""state"":""State22"",""postal_code"":""67890""}",id,Personal,4/6/2024 19:11,Closed
273,Fuscefeugiat,quis.diam@hotmail.couk,"{""street"":""2020 Cedar St"",""city"":""City23"",""state"":""State23"",""postal_code"":""12345""}",nibhsit,Personal,1/28/2022 5:27,Closed
274,Crasinterdum,ornare.tortor@icloud.couk,"{""street"":""2121 Maple St"",""city"":""City24"",""state"":""State24"",""postal_code"":""67890""}",facilisisnon,Personal,9/13/2021 23:18,Closed
275,sociisnatoque,eu.enim@yahoo.ca,"{""street"":""2222 Birch St"",""city"":""City25"",""state"":""State25"",""postal_code"":""12345""}",liberomauris,Personal,8/13/2021 13:12,Open
276,Nuncac,non.lorem.vitae@yahoo.org,"{""street"":""2323 Walnut St"",""city"":""City26"",""state"":""State26"",""postal_code"":""67890""}",ut,Personal,1/1/2023 13:50,Closed
277,Etiamlaoreet,eget.laoreet@hotmail.ca,"{""street"":""2424 Ash St"",""city"":""City27"",""state"":""State27"",""postal_code"":""12345""}",fermentum,Personal,11/21/2023 16:59,Closed
278,utdolor,et.commodo@icloud.com,"{""street"":""2525 Chestnut St"",""city"":""City28"",""state"":""State28"",""postal_code"":""67890""}",tristiqueaceleifend,Personal,12/13/2020 2:32,Closed
279,temporerat,litora.torquent@hotmail.org,"{""street"":""2626 Spruce St"",""city"":""City29"",""state"":""State29"",""postal_code"":""12345""}",nonhendrerit,Personal,5/11/2021 21:50,Open
280,elitpellentesque,orci.donec@icloud.net,"{""street"":""2727 Oak St"",""city"":""City30"",""state"":""State30"",""postal_code"":""67890""}",molestiedapibus,Personal,3/1/2023 2:43,Open
281,pedeblandit,sapien.imperdiet@protonmail.com,"{""street"":""2828 Pine St"",""city"":""City31"",""state"":""State31"",""postal_code"":""12345""}",Proinvelnisl,Personal,10/8/2023 1:09,Open
282,hendrerita,augue.ut@icloud.ca,"{""street"":""2929 Cedar St"",""city"":""City32"",""state"":""State32"",""postal_code"":""67890""}",pretiumneque,Personal,9/9/2022 20:30,Closed
283,Cumsociis,ornare.facilisis@icloud.org,"{""street"":""3030 Maple St"",""city"":""City33"",""state"":""State33"",""postal_code"":""12345""}",tinciduntDonec,Personal,9/24/2020 13:14,Open
284,Etiambibendum,malesuada@protonmail.ca,"{""street"":""3131 Birch St"",""city"":""City34"",""state"":""State34"",""postal_code"":""67890""}",perconubianostra,Personal,7/24/2022 21:46,Open
285,lacusvarius,ipsum.donec.sollicitudin@aol.org,"{""street"":""3232 Walnut St"",""city"":""City35"",""state"":""State35"",""postal_code"":""12345""}",at,Personal,5/4/2021 20:09,Open
286,estNunc,fusce.feugiat@icloud.ca,"{""street"":""3333 Ash St"",""city"":""City36"",""state"":""State36"",""postal_code"":""67890""}",Nullamenim,Personal,4/22/2023 6:15,Open
287,odioAliquam,fringilla.porttitor@hotmail.couk,"{""street"":""3434 Chestnut St"",""city"":""City37"",""state"":""State37"",""postal_code"":""12345""}",auctorvelit,Personal,12/15/2023 18:57,Closed
288,eliterat,sagittis@google.com,"{""street"":""3535 Spruce St"",""city"":""City38"",""state"":""State38"",""postal_code"":""67890""}",pedeet,Personal,4/2/2024 21:45,Closed
289,maurisrhoncus,venenatis.vel@yahoo.org,"{""street"":""3636 Oak St"",""city"":""City39"",""state"":""State39"",""postal_code"":""12345""}",sitametconsectetuer,Personal,8/5/2020 5:10,Closed
290,Donecelementum,in.aliquet@yahoo.couk,"{""street"":""3737 Pine St"",""city"":""City40"",""state"":""State40"",""postal_code"":""67890""}",primisin,Personal,3/21/2021 1:09,Closed
291,enimcondimentum,molestie.in@hotmail.org,"{""street"":""3838 Cedar St"",""city"":""City41"",""state"":""State41"",""postal_code"":""12345""}",tempuseu,Personal,4/12/2022 8:29,Open
292,Morbiaccumsan,elit@yahoo.edu,"{""street"":""3939 Maple St"",""city"":""City42"",""state"":""State42"",""postal_code"":""67890""}",sitamet,Personal,5/23/2022 23:26,Open
293,urnaet,dolor.egestas.rhoncus@outlook.net,"{""street"":""4040 Birch St"",""city"":""City43"",""state"":""State43"",""postal_code"":""12345""}",Sednec,Personal,7/18/2022 20:28,Open
294,arcuiaculis,faucibus.ut@hotmail.com,"{""street"":""4141 Walnut St"",""city"":""City44"",""state"":""State44"",""postal_code"":""67890""}",faucibusut,Personal,12/25/2023 13:02,Open
295,nonbibendum,ut.tincidunt@outlook.edu,"{""street"":""4242 Ash St"",""city"":""City45"",""state"":""State45"",""postal_code"":""12345""}",diamSed,Personal,12/18/2020 11:10,Open
296,estarcu,vivamus.non.lorem@hotmail.net,"{""street"":""4343 Chestnut St"",""city"":""City46"",""state"":""State46"",""postal_code"":""67890""}",DonecegestasAliquam,Personal,11/25/2020 23:10,Closed
297,velest,erat.nonummy@google.ca,"{""street"":""4444 Spruce St"",""city"":""City47"",""state"":""State47"",""postal_code"":""12345""}",parturient,Personal,12/6/2023 8:39,Open
298,acnulla,semper.tellus.id@yahoo.couk,"{""street"":""4545 Oak St"",""city"":""City48"",""state"":""State48"",""postal_code"":""67890""}",volutpatornare,Personal,6/3/2021 23:17,Open
299,leoVivamus,volutpat.nulla@protonmail.couk,"{""street"":""4646 Pine St"",""city"":""City49"",""state"":""State49"",""postal_code"":""12345""}",tristiquepharetra,Personal,2/24/2022 17:19,Closed
300,fringillaDonec,semper.rutrum@aol.org,"{""street"":""4747 Cedar St"",""city"":""City50"",""state"":""State50"",""postal_code"":""67890""}",erosProin,Personal,12/5/2021 4:33,Closed
301,faucibusorci,massa.non@icloud.org,"{""street"":""123 Main St"",""city"":""City1"",""state"":""State1"",""postal_code"":""12345""}",habitant,Personal,8/2/2022 13:36,Open
302,tinciduntorci,iaculis.lacus.pede@yahoo.ca,"{""street"":""456 Elm St"",""city"":""City2"",""state"":""State2"",""postal_code"":""67890""}",magnamalesuadavel,Personal,9/25/2020 5:20,Closed
303,dignissimtempor,aliquet.metus@yahoo.org,"{""street"":""789 Oak St"",""city"":""City3"",""state"":""State3"",""postal_code"":""12345""}",ipsum,Personal,8/1/2023 0:40,Closed
304,tristiquealiquet,et.magnis@google.net,"{""street"":""101 Pine St"",""city"":""City4"",""state"":""State4"",""postal_code"":""67890""}",feugiatnonlobortis,Personal,8/15/2023 16:29,Open
305,etultrices,facilisis.eget.ipsum@google.edu,"{""street"":""202 Cedar St"",""city"":""City5"",""state"":""State5"",""postal_code"":""12345""}",aptenttaciti,Personal,2/28/2024 13:14,Open
306,Nuncsed,etiam@yahoo.net,"{""street"":""303 Maple St"",""city"":""City6"",""state"":""State6"",""postal_code"":""67890""}",quam,Personal,1/26/2021 14:02,Open
307,vitaesodales,ridiculus.mus.proin@outlook.ca,"{""street"":""404 Birch St"",""city"":""City7"",""state"":""State7"",""postal_code"":""12345""}",noncursus,Personal,6/17/2021 6:18,Open
308,scelerisquedui,non.vestibulum@protonmail.net,"{""street"":""505 Walnut St"",""city"":""City8"",""state"":""State8"",""postal_code"":""67890""}",accumsannequeet,Personal,6/15/2021 0:33,Open
309,sitamet,quis.arcu.vel@protonmail.org,"{""street"":""606 Ash St"",""city"":""City9"",""state"":""State9"",""postal_code"":""12345""}",nonmagnaNam,Personal,11/9/2023 8:46,Closed
310,Nuncac,velit.eu@yahoo.couk,"{""street"":""707 Chestnut St"",""city"":""City10"",""state"":""State10"",""postal_code"":""67890""}",pede,Personal,5/25/2021 11:52,Open
311,Integermollis,lacus@yahoo.couk,"{""street"":""808 Spruce St"",""city"":""City11"",""state"":""State11"",""postal_code"":""12345""}",porttitorscelerisque,Personal,11/2/2023 3:41,Closed
312,etmalesuada,auctor@icloud.net,"{""street"":""909 Oak St"",""city"":""City12"",""state"":""State12"",""postal_code"":""67890""}",nuncidenim,Personal,11/5/2022 9:38,Closed
313,nisia,enim.diam@aol.net,"{""street"":""1010 Pine St"",""city"":""City13"",""state"":""State13"",""postal_code"":""12345""}",ultriciesdignissimlacus,Personal,9/30/2023 23:58,Closed
314,feugiatLorem,metus.vitae.velit@google.ca,"{""street"":""1111 Cedar St"",""city"":""City14"",""state"":""State14"",""postal_code"":""67890""}",condimentumegetvolutpat,Personal,6/7/2020 2:22,Closed
315,Curabituregestas,erat.volutpat@yahoo.net,"{""street"":""1212 Maple St"",""city"":""City15"",""state"":""State15"",""postal_code"":""12345""}",pedeac,Personal,10/21/2022 19:11,Closed
316,turpisnec,et.malesuada@google.edu,"{""street"":""1313 Birch St"",""city"":""City16"",""state"":""State16"",""postal_code"":""67890""}",vestibulumMauris,Personal,12/1/2020 19:34,Closed
317,velarcu,elementum@google.couk,"{""street"":""1414 Walnut St"",""city"":""City17"",""state"":""State17"",""postal_code"":""12345""}",Aeneanegetmetus,Personal,4/19/2021 0:14,Open
318,lobortisClass,ante@google.org,"{""street"":""1515 Ash St"",""city"":""City18"",""state"":""State18"",""postal_code"":""67890""}",porttitortellusnon,Personal,12/14/2021 17:52,Closed
319,Pellentesqueultricies,pede.ac.urna@aol.edu,"{""street"":""1616 Chestnut St"",""city"":""City19"",""state"":""State19"",""postal_code"":""12345""}",enim,Personal,7/22/2021 18:22,Closed
320,laciniaat,elit@yahoo.org,"{""street"":""1717 Spruce St"",""city"":""City20"",""state"":""State20"",""postal_code"":""67890""}",enimnisl,Personal,1/10/2022 1:47,Closed
321,afeugiat,sed@yahoo.couk,"{""street"":""1818 Oak St"",""city"":""City21"",""state"":""State21"",""postal_code"":""12345""}",nonhendrerit,Personal,1/1/2021 6:33,Open
322,imperdietornare,proin.mi@google.ca,"{""street"":""1919 Pine St"",""city"":""City22"",""state"":""State22"",""postal_code"":""67890""}",Nullamlobortisquam,Personal,10/9/2020 6:23,Closed
323,feugiatSed,sed@yahoo.ca,"{""street"":""2020 Cedar St"",""city"":""City23"",""state"":""State23"",""postal_code"":""12345""}",amet,Personal,11/29/2022 15:16,Open
324,lacusCras,cursus@aol.couk,"{""street"":""2121 Maple St"",""city"":""City24"",""state"":""State24"",""postal_code"":""67890""}",dictumPhasellusin,Personal,5/21/2021 17:55,Closed
325,mollisInteger,vel@google.net,"{""street"":""2222 Birch St"",""city"":""City25"",""state"":""State25"",""postal_code"":""12345""}",interdumNunc,Personal,4/1/2022 13:11,Closed
326,perconubia,quisque@yahoo.net,"{""street"":""2323 Walnut St"",""city"":""City26"",""state"":""State26"",""postal_code"":""67890""}",magnaUt,Personal,8/10/2022 18:40,Open
327,placerateget,sed.facilisis@google.ca,"{""street"":""2424 Ash St"",""city"":""City27"",""state"":""State27"",""postal_code"":""12345""}",at,Personal,12/16/2023 8:09,Open
328,ametdiam,leo.cras@google.org,"{""street"":""2525 Chestnut St"",""city"":""City28"",""state"":""State28"",""postal_code"":""67890""}",laciniaSed,Personal,12/14/2022 17:23,Closed
329,Aliquamnisl,cras.vulputate@outlook.edu,"{""street"":""2626 Spruce St"",""city"":""City29"",""state"":""State29"",""postal_code"":""12345""}",sedpede,Personal,4/4/2024 14:57,Closed
330,afelis,volutpat@protonmail.couk,"{""street"":""2727 Oak St"",""city"":""City30"",""state"":""State30"",""postal_code"":""67890""}",blanditmattis,Personal,3/4/2022 11:09,Open
331,sitamet,amet@hotmail.couk,"{""street"":""2828 Pine St"",""city"":""City31"",""state"":""State31"",""postal_code"":""12345""}",Nunclaoreetlectus,Personal,4/20/2023 14:06,Open
332,Aeneaneuismod,amet.ornare.lectus@protonmail.org,"{""street"":""2929 Cedar St"",""city"":""City32"",""state"":""State32"",""postal_code"":""67890""}",pede,Personal,7/29/2020 4:37,Closed
333,Nunccommodo,lectus@icloud.ca,"{""street"":""3030 Maple St"",""city"":""City33"",""state"":""State33"",""postal_code"":""12345""}",eutellus,Business,10/25/2022 14:48,Open
334,nullaante,nec.tempus@outlook.couk,"{""street"":""3131 Birch St"",""city"":""City34"",""state"":""State34"",""postal_code"":""67890""}",arcu,Business,1/25/2024 23:06,Open
335,euismodurna,eget.volutpat@google.org,"{""street"":""3232 Walnut St"",""city"":""City35"",""state"":""State35"",""postal_code"":""12345""}",vulputate,Business,7/9/2022 5:03,Open
336,ornarelibero,fringilla.porttitor.vulputate@google.couk,"{""street"":""3333 Ash St"",""city"":""City36"",""state"":""State36"",""postal_code"":""67890""}",gravidamolestie,Business,6/8/2021 11:54,Closed
337,sociisnatoque,luctus.sit.amet@outlook.net,"{""street"":""3434 Chestnut St"",""city"":""City37"",""state"":""State37"",""postal_code"":""12345""}",nequeMorbi,Business,12/15/2022 4:04,Open
338,massaSuspendisse,sagittis.felis@outlook.ca,"{""street"":""3535 Spruce St"",""city"":""City38"",""state"":""State38"",""postal_code"":""67890""}",ridiculusmus,Business,2/18/2023 10:08,Closed
339,tinciduntorci,duis.sit@aol.ca,"{""street"":""3636 Oak St"",""city"":""City39"",""state"":""State39"",""postal_code"":""12345""}",consequatnecmollis,Business,1/2/2021 17:42,Open
340,massarutrum,tortor@google.com,"{""street"":""3737 Pine St"",""city"":""City40"",""state"":""State40"",""postal_code"":""67890""}",nunc,Business,3/14/2024 1:42,Closed
341,morbitristique,enim.nisl.elementum@icloud.org,"{""street"":""3838 Cedar St"",""city"":""City41"",""state"":""State41"",""postal_code"":""12345""}",cursus,Business,8/8/2022 16:00,Open
342,lectusCum,ullamcorper.eu@icloud.couk,"{""street"":""3939 Maple St"",""city"":""City42"",""state"":""State42"",""postal_code"":""67890""}",NullamnislMaecenas,Business,7/10/2020 18:17,Closed
343,milorem,nibh.sit@protonmail.net,"{""street"":""4040 Birch St"",""city"":""City43"",""state"":""State43"",""postal_code"":""12345""}",molestietortornibh,Business,8/30/2023 11:09,Open
344,sollicitudinorci,auctor.non@outlook.com,"{""street"":""4141 Walnut St"",""city"":""City44"",""state"":""State44"",""postal_code"":""67890""}",facilisisSuspendisse,Business,12/18/2023 15:00,Closed
345,Nuncsed,consectetuer.rhoncus.nullam@hotmail.edu,"{""street"":""4242 Ash St"",""city"":""City45"",""state"":""State45"",""postal_code"":""12345""}",ipsumporta,Business,2/22/2022 17:41,Closed
346,metusVivamus,elit.fermentum.risus@hotmail.org,"{""street"":""4343 Chestnut St"",""city"":""City46"",""state"":""State46"",""postal_code"":""67890""}",tellusimperdiet,Business,4/5/2021 10:56,Closed
347,arcuVivamus,amet.faucibus@yahoo.edu,"{""street"":""4444 Spruce St"",""city"":""City47"",""state"":""State47"",""postal_code"":""12345""}",Uttincidunt,Business,4/23/2022 12:43,Open
348,egestasa,tortor.dictum@protonmail.com,"{""street"":""4545 Oak St"",""city"":""City48"",""state"":""State48"",""postal_code"":""67890""}",ornareelitelit,Business,12/29/2020 23:22,Closed
349,intempus,ut.semper@hotmail.com,"{""street"":""4646 Pine St"",""city"":""City49"",""state"":""State49"",""postal_code"":""12345""}",penatibusetmagnis,Business,8/16/2022 7:43,Open
350,Nullainterdum,consectetuer.adipiscing@outlook.edu,"{""street"":""4747 Cedar St"",""city"":""City50"",""state"":""State50"",""postal_code"":""67890""}",consectetuer,Business,10/16/2023 6:46,Open
351,mitempor,quis.pede@aol.net,"{""street"":""123 Main St"",""city"":""City1"",""state"":""State1"",""postal_code"":""12345""}",sociisnatoque,Business,1/26/2023 8:29,Closed
352,velitPellentesque,faucibus.lectus.a@google.edu,"{""street"":""456 Elm St"",""city"":""City2"",""state"":""State2"",""postal_code"":""67890""}",ultricesVivamus,Business,12/14/2023 0:53,Closed
353,Duiselementum,ipsum.suspendisse@protonmail.org,"{""street"":""789 Oak St"",""city"":""City3"",""state"":""State3"",""postal_code"":""12345""}",mauris,Business,2/15/2022 7:32,Closed
354,Aliquamtincidunt,consectetuer.mauris@yahoo.com,"{""street"":""101 Pine St"",""city"":""City4"",""state"":""State4"",""postal_code"":""67890""}",euligula,Business,12/8/2022 15:30,Closed
355,magnatellus,tellus@aol.com,"{""street"":""202 Cedar St"",""city"":""City5"",""state"":""State5"",""postal_code"":""12345""}",gravidasit,Business,2/12/2022 18:45,Closed
356,liberoProin,montes.nascetur@protonmail.org,"{""street"":""303 Maple St"",""city"":""City6"",""state"":""State6"",""postal_code"":""67890""}",lectusante,Business,1/1/2021 17:36,Closed
357,Etiamvestibulum,a.purus@hotmail.edu,"{""street"":""404 Birch St"",""city"":""City7"",""state"":""State7"",""postal_code"":""12345""}",purussapiengravida,Business,11/19/2023 23:23,Closed
358,Sedcongue,purus.accumsan.interdum@outlook.edu,"{""street"":""505 Walnut St"",""city"":""City8"",""state"":""State8"",""postal_code"":""67890""}",eu,Business,8/7/2020 2:30,Closed
359,elementumpurus,vehicula.aliquet.libero@aol.couk,"{""street"":""606 Ash St"",""city"":""City9"",""state"":""State9"",""postal_code"":""12345""}",pedeCras,Business,5/27/2023 21:32,Closed
360,magnisdis,at.iaculis.quis@aol.couk,"{""street"":""707 Chestnut St"",""city"":""City10"",""state"":""State10"",""postal_code"":""67890""}",rutrumurna,Business,4/7/2023 22:49,Open
361,Etiambibendum,montes.nascetur.ridiculus@icloud.org,"{""street"":""808 Spruce St"",""city"":""City11"",""state"":""State11"",""postal_code"":""12345""}",velit,Business,6/1/2022 5:22,Open
362,auctorodio,ultrices.a@aol.ca,"{""street"":""909 Oak St"",""city"":""City12"",""state"":""State12"",""postal_code"":""67890""}",Donectempus,Business,4/15/2022 6:48,Open
363,tellusAenean,magna.sed@protonmail.net,"{""street"":""1010 Pine St"",""city"":""City13"",""state"":""State13"",""postal_code"":""12345""}",et,Business,7/24/2023 19:30,Open
364,Sedmolestie,fames.ac@outlook.com,"{""street"":""1111 Cedar St"",""city"":""City14"",""state"":""State14"",""postal_code"":""67890""}",nequeetnunc,Business,6/1/2020 22:18,Closed
365,milorem,velit@hotmail.net,"{""street"":""1212 Maple St"",""city"":""City15"",""state"":""State15"",""postal_code"":""12345""}",Quisque,Business,5/23/2022 3:05,Open
366,Nullamenim,orci@icloud.com,"{""street"":""1313 Birch St"",""city"":""City16"",""state"":""State16"",""postal_code"":""67890""}",id,Business,2/21/2021 6:00,Open
367,sodaleselit,velit.eu@icloud.edu,"{""street"":""1414 Walnut St"",""city"":""City17"",""state"":""State17"",""postal_code"":""12345""}",metussitamet,Business,11/12/2021 5:37,Closed
368,ascelerisque,nunc@icloud.org,"{""street"":""1515 Ash St"",""city"":""City18"",""state"":""State18"",""postal_code"":""67890""}",gravidaAliquam,Business,2/24/2021 14:44,Open
369,consequatnec,tristique.aliquet.phasellus@google.com,"{""street"":""1616 Chestnut St"",""city"":""City19"",""state"":""State19"",""postal_code"":""12345""}",Praesenteu,Business,9/25/2021 9:46,Closed
370,nibhlacinia,convallis.convallis@outlook.com,"{""street"":""1717 Spruce St"",""city"":""City20"",""state"":""State20"",""postal_code"":""67890""}",Fuscealiquam,Business,7/11/2023 4:41,Closed
371,Nuncmauris,consectetuer@protonmail.org,"{""street"":""1818 Oak St"",""city"":""City21"",""state"":""State21"",""postal_code"":""12345""}",nibhenim,Business,10/7/2023 2:28,Open
372,orciquis,et.pede@protonmail.net,"{""street"":""1919 Pine St"",""city"":""City22"",""state"":""State22"",""postal_code"":""67890""}",adipiscing,Business,5/1/2022 12:48,Closed
373,infaucibus,phasellus.elit@icloud.net,"{""street"":""2020 Cedar St"",""city"":""City23"",""state"":""State23"",""postal_code"":""12345""}",nectempusmauris,Business,6/4/2021 8:32,Closed
374,justoeu,nulla.facilisi.sed@yahoo.ca,"{""street"":""2121 Maple St"",""city"":""City24"",""state"":""State24"",""postal_code"":""67890""}",commodotincidunt,Business,8/12/2020 2:52,Open
375,liberoest,sem@yahoo.edu,"{""street"":""2222 Birch St"",""city"":""City25"",""state"":""State25"",""postal_code"":""12345""}",consectetueradipiscing,Business,4/9/2023 0:10,Closed
376,Vestibulumante,purus.in.molestie@icloud.ca,"{""street"":""2323 Walnut St"",""city"":""City26"",""state"":""State26"",""postal_code"":""67890""}",ligulaAeneangravida,Business,10/24/2022 5:31,Closed
377,sollicitudinorci,tincidunt@outlook.couk,"{""street"":""2424 Ash St"",""city"":""City27"",""state"":""State27"",""postal_code"":""12345""}",Integeridmagna,Business,6/16/2023 17:18,Open
378,nonmassa,non.bibendum@icloud.org,"{""street"":""2525 Chestnut St"",""city"":""City28"",""state"":""State28"",""postal_code"":""67890""}",etnunc,Business,5/6/2020 16:08,Open
379,pretiumet,risus.quisque.libero@hotmail.edu,"{""street"":""2626 Spruce St"",""city"":""City29"",""state"":""State29"",""postal_code"":""12345""}",risus,Business,2/27/2023 15:46,Open
380,nonummyFusce,dictum.eu@hotmail.com,"{""street"":""2727 Oak St"",""city"":""City30"",""state"":""State30"",""postal_code"":""67890""}",estmauris,Business,1/16/2022 14:12,Open
381,dolorFusce,tincidunt.nunc.ac@google.com,"{""street"":""2828 Pine St"",""city"":""City31"",""state"":""State31"",""postal_code"":""12345""}",liberomaurisaliquam,Business,1/31/2022 22:25,Open
382,ametluctus,cras.vehicula@hotmail.org,"{""street"":""2929 Cedar St"",""city"":""City32"",""state"":""State32"",""postal_code"":""67890""}",Proin,Business,10/21/2020 12:55,Closed
383,Sedauctor,pede.malesuada@aol.com,"{""street"":""3030 Maple St"",""city"":""City33"",""state"":""State33"",""postal_code"":""12345""}",convallisestvitae,Business,10/7/2023 15:14,Open
384,Etiamligula,elementum.at@icloud.com,"{""street"":""3131 Birch St"",""city"":""City34"",""state"":""State34"",""postal_code"":""67890""}",commodo,Business,8/30/2021 2:08,Closed
385,nequeet,magna.lorem@google.ca,"{""street"":""3232 Walnut St"",""city"":""City35"",""state"":""State35"",""postal_code"":""12345""}",vitaenibh,Business,9/10/2020 2:34,Closed
386,arcuimperdiet,ultrices@yahoo.com,"{""street"":""3333 Ash St"",""city"":""City36"",""state"":""State36"",""postal_code"":""67890""}",velfaucibus,Business,7/15/2020 12:22,Closed
387,Quisqueporttitor,enim.condimentum@icloud.net,"{""street"":""3434 Chestnut St"",""city"":""City37"",""state"":""State37"",""postal_code"":""12345""}",orciquis,Business,12/27/2023 9:25,Open
388,lectusCum,purus.sapien@outlook.edu,"{""street"":""3535 Spruce St"",""city"":""City38"",""state"":""State38"",""postal_code"":""67890""}",dignissimtempor,Business,12/18/2023 16:12,Open
389,massaSuspendisse,nunc@hotmail.net,"{""street"":""3636 Oak St"",""city"":""City39"",""state"":""State39"",""postal_code"":""12345""}",nisi,Business,4/2/2022 18:18,Open
390,habitantmorbi,mauris@hotmail.net,"{""street"":""3737 Pine St"",""city"":""City40"",""state"":""State40"",""postal_code"":""67890""}",mi,Business,8/18/2021 23:00,Open
391,hendrerita,a.enim@google.edu,"{""street"":""3838 Cedar St"",""city"":""City41"",""state"":""State41"",""postal_code"":""12345""}",acmattis,Business,2/15/2021 8:21,Open
392,Duisvolutpat,consectetuer.mauris@aol.edu,"{""street"":""3939 Maple St"",""city"":""City42"",""state"":""State42"",""postal_code"":""67890""}",quis,Business,6/26/2020 2:19,Closed
393,Craseget,dolor.dapibus@icloud.edu,"{""street"":""4040 Birch St"",""city"":""City43"",""state"":""State43"",""postal_code"":""12345""}",velitegetlaoreet,Business,1/3/2023 1:39,Open
394,egetdictum,fusce.mollis.duis@protonmail.couk,"{""street"":""4141 Walnut St"",""city"":""City44"",""state"":""State44"",""postal_code"":""67890""}",nequeNullam,Business,6/7/2021 2:26,Open
395,auctorMauris,molestie.pharetra.nibh@protonmail.com,"{""street"":""4242 Ash St"",""city"":""City45"",""state"":""State45"",""postal_code"":""12345""}",magna,Business,5/24/2020 9:33,Open
396,dolorQuisque,lobortis.ultrices@icloud.couk,"{""street"":""4343 Chestnut St"",""city"":""City46"",""state"":""State46"",""postal_code"":""67890""}",tristique,Business,1/16/2021 17:24,Open
397,cursusa,accumsan.convallis@protonmail.org,"{""street"":""4444 Spruce St"",""city"":""City47"",""state"":""State47"",""postal_code"":""12345""}",luctus,Business,5/11/2022 13:03,Closed
398,luctusCurabitur,felis.purus.ac@aol.org,"{""street"":""4545 Oak St"",""city"":""City48"",""state"":""State48"",""postal_code"":""67890""}",tinciduntorci,Business,5/26/2020 22:39,Open
399,tinciduntDonec,duis.elementum.dui@hotmail.org,"{""street"":""4646 Pine St"",""city"":""City49"",""state"":""State49"",""postal_code"":""12345""}",mollisnec,Business,4/10/2024 23:11,Open
400,egetodio,non@hotmail.com,"{""street"":""4747 Cedar St"",""city"":""City50"",""state"":""State50"",""postal_code"":""67890""}",suscipit,Business,2/27/2023 23:56,Open
401,liberoProin,netus.et.malesuada@google.org,"{""street"":""123 Main St"",""city"":""City1"",""state"":""State1"",""postal_code"":""12345""}",maurisipsum,Business,5/4/2020 1:41,Closed
402,euismodenim,purus.nullam@google.net,"{""street"":""456 Elm St"",""city"":""City2"",""state"":""State2"",""postal_code"":""67890""}",nunc,Business,12/15/2023 5:15,Open
403,orcisem,vestibulum.ante@yahoo.couk,"{""street"":""789 Oak St"",""city"":""City3"",""state"":""State3"",""postal_code"":""12345""}",etultricesposuere,Business,12/8/2023 7:28,Open
404,facilisiseget,integer.id@aol.net,"{""street"":""101 Pine St"",""city"":""City4"",""state"":""State4"",""postal_code"":""67890""}",Duisa,Business,6/30/2021 20:43,Closed
405,eteuismod,sed.tortor@aol.net,"{""street"":""202 Cedar St"",""city"":""City5"",""state"":""State5"",""postal_code"":""12345""}",Nullam,Business,7/15/2021 2:36,Open
406,tincidunttempus,phasellus.ornare.fusce@yahoo.ca,"{""street"":""303 Maple St"",""city"":""City6"",""state"":""State6"",""postal_code"":""67890""}",elitpede,Business,6/29/2022 3:56,Closed
407,quamCurabitur,dictum.mi.ac@yahoo.org,"{""street"":""404 Birch St"",""city"":""City7"",""state"":""State7"",""postal_code"":""12345""}",Vivamus,Business,5/22/2023 21:38,Open
408,laoreetipsum,a@icloud.org,"{""street"":""505 Walnut St"",""city"":""City8"",""state"":""State8"",""postal_code"":""67890""}",sociisnatoquepenatibus,Business,7/1/2022 15:46,Closed
409,magnaDuis,egestas@google.ca,"{""street"":""606 Ash St"",""city"":""City9"",""state"":""State9"",""postal_code"":""12345""}",odiotristique,Business,12/6/2020 8:42,Open
410,Loremipsum,suspendisse.aliquet@aol.couk,"{""street"":""707 Chestnut St"",""city"":""City10"",""state"":""State10"",""postal_code"":""67890""}",orci,Business,4/28/2023 15:45,Closed
411,tortornibh,a.feugiat@outlook.net,"{""street"":""808 Spruce St"",""city"":""City11"",""state"":""State11"",""postal_code"":""12345""}",imperdiet,Business,5/29/2021 1:40,Closed
412,turpisvitae,sed.pharetra@icloud.couk,"{""street"":""909 Oak St"",""city"":""City12"",""state"":""State12"",""postal_code"":""67890""}",nisi,Business,5/11/2021 8:45,Open
413,acturpis,ut.quam.vel@outlook.org,"{""street"":""1010 Pine St"",""city"":""City13"",""state"":""State13"",""postal_code"":""12345""}",Duis,Business,8/14/2023 0:54,Open
414,vulputaterisus,vel.pede@icloud.ca,"{""street"":""1111 Cedar St"",""city"":""City14"",""state"":""State14"",""postal_code"":""67890""}",tortorInteger,Business,9/24/2020 16:22,Open
415,euerat,sagittis@google.com,"{""street"":""1212 Maple St"",""city"":""City15"",""state"":""State15"",""postal_code"":""12345""}",feugiatSed,Business,12/14/2023 18:01,Open
416,Crassed,vulputate.mauris@hotmail.edu,"{""street"":""1313 Birch St"",""city"":""City16"",""state"":""State16"",""postal_code"":""67890""}",pede,Business,12/2/2020 6:27,Open
417,commodohendrerit,lacus.quisque@google.org,"{""street"":""1414 Walnut St"",""city"":""City17"",""state"":""State17"",""postal_code"":""12345""}",egetvenenatis,Business,6/27/2020 11:48,Open
418,sitamet,tempor.diam.dictum@icloud.org,"{""street"":""1515 Ash St"",""city"":""City18"",""state"":""State18"",""postal_code"":""67890""}",erat,Business,6/2/2021 14:18,Open
419,anteNunc,ullamcorper@protonmail.ca,"{""street"":""1616 Chestnut St"",""city"":""City19"",""state"":""State19"",""postal_code"":""12345""}",mollisPhaselluslibero,Business,11/10/2021 14:47,Closed
420,dictumProin,a.malesuada@aol.couk,"{""street"":""1717 Spruce St"",""city"":""City20"",""state"":""State20"",""postal_code"":""67890""}",orcilacusvestibulum,Business,6/17/2021 16:25,Open
421,Nuncac,metus.vitae@icloud.net,"{""street"":""1818 Oak St"",""city"":""City21"",""state"":""State21"",""postal_code"":""12345""}",Lorem,Business,2/10/2023 4:51,Closed
422,sedsem,in@protonmail.com,"{""street"":""1919 Pine St"",""city"":""City22"",""state"":""State22"",""postal_code"":""67890""}",Cumsociis,Business,12/11/2022 22:56,Closed
423,sedorci,nunc.pulvinar@hotmail.edu,"{""street"":""2020 Cedar St"",""city"":""City23"",""state"":""State23"",""postal_code"":""12345""}",dictum,Business,4/12/2022 19:07,Open
424,inaliquet,nisl.arcu@icloud.org,"{""street"":""2121 Maple St"",""city"":""City24"",""state"":""State24"",""postal_code"":""67890""}",egestasnuncsed,Business,5/7/2023 6:51,Open
425,ultricesposuere,in.dolor.fusce@outlook.edu,"{""street"":""2222 Birch St"",""city"":""City25"",""state"":""State25"",""postal_code"":""12345""}",aliquet,Business,1/13/2022 15:33,Closed
426,magnaNam,auctor.velit.eget@hotmail.org,"{""street"":""2323 Walnut St"",""city"":""City26"",""state"":""State26"",""postal_code"":""67890""}",risusatfringilla,Business,10/29/2023 12:35,Closed
427,etmalesuada,vel@icloud.edu,"{""street"":""2424 Ash St"",""city"":""City27"",""state"":""State27"",""postal_code"":""12345""}",eu,Business,5/13/2022 12:20,Closed
428,Pellentesqueut,turpis@icloud.org,"{""street"":""2525 Chestnut St"",""city"":""City28"",""state"":""State28"",""postal_code"":""67890""}",odioPhasellusat,Business,10/19/2020 10:39,Closed
429,miac,ipsum.nunc@yahoo.com,"{""street"":""2626 Spruce St"",""city"":""City29"",""state"":""State29"",""postal_code"":""12345""}",massaQuisqueporttitor,Business,10/30/2020 1:41,Closed
430,etpede,id.libero.donec@hotmail.edu,"{""street"":""2727 Oak St"",""city"":""City30"",""state"":""State30"",""postal_code"":""67890""}",Aenean,Business,5/20/2020 11:05,Closed
431,risusDonec,fermentum.vel@google.com,"{""street"":""2828 Pine St"",""city"":""City31"",""state"":""State31"",""postal_code"":""12345""}",at,Business,3/12/2024 22:46,Open
432,quisaccumsan,cras.lorem@outlook.couk,"{""street"":""2929 Cedar St"",""city"":""City32"",""state"":""State32"",""postal_code"":""67890""}",purusNullam,Business,8/19/2022 2:05,Closed
433,Duisa,dictum.placerat@aol.edu,"{""street"":""3030 Maple St"",""city"":""City33"",""state"":""State33"",""postal_code"":""12345""}",doloregestasrhoncus,Business,3/28/2021 12:49,Open
434,justonec,et@aol.net,"{""street"":""3131 Birch St"",""city"":""City34"",""state"":""State34"",""postal_code"":""67890""}",ridiculusmusProin,Business,6/8/2021 12:49,Closed
435,ametdiam,hendrerit.id@protonmail.ca,"{""street"":""3232 Walnut St"",""city"":""City35"",""state"":""State35"",""postal_code"":""12345""}",velvulputate,Business,5/2/2024 2:58,Open
436,lacusUt,lectus.convallis@icloud.net,"{""street"":""3333 Ash St"",""city"":""City36"",""state"":""State36"",""postal_code"":""67890""}",etnuncQuisque,Business,4/7/2021 6:16,Closed
437,diamlorem,diam@icloud.edu,"{""street"":""3434 Chestnut St"",""city"":""City37"",""state"":""State37"",""postal_code"":""12345""}",eumetus,Business,10/13/2020 23:13,Open
438,orcisem,sed.eget@google.edu,"{""street"":""3535 Spruce St"",""city"":""City38"",""state"":""State38"",""postal_code"":""67890""}",magnaSuspendisse,Business,4/13/2024 0:49,Closed
439,nuncsed,imperdiet.erat@icloud.net,"{""street"":""3636 Oak St"",""city"":""City39"",""state"":""State39"",""postal_code"":""12345""}",Aliquamfringilla,Business,7/21/2023 23:46,Closed
440,Nullamsuscipit,mi.eleifend.egestas@yahoo.org,"{""street"":""3737 Pine St"",""city"":""City40"",""state"":""State40"",""postal_code"":""67890""}",duiinsodales,Business,12/15/2023 4:42,Open
441,Etiamligula,quis.massa@outlook.org,"{""street"":""3838 Cedar St"",""city"":""City41"",""state"":""State41"",""postal_code"":""12345""}",Nunclectus,Personal,11/1/2021 5:32,Open
442,Nullamlobortis,aliquam.ornare@aol.couk,"{""street"":""3939 Maple St"",""city"":""City42"",""state"":""State42"",""postal_code"":""67890""}",nonnisi,Personal,11/29/2020 8:14,Open
443,nuncullamcorper,laoreet@hotmail.net,"{""street"":""4040 Birch St"",""city"":""City43"",""state"":""State43"",""postal_code"":""12345""}",Mauriseu,Personal,6/4/2023 0:15,Open
444,interdumfeugiat,donec@icloud.com,"{""street"":""4141 Walnut St"",""city"":""City44"",""state"":""State44"",""postal_code"":""67890""}",eu,Personal,8/6/2020 17:32,Closed
445,purusgravida,libero.morbi.accumsan@aol.ca,"{""street"":""4242 Ash St"",""city"":""City45"",""state"":""State45"",""postal_code"":""12345""}",lectussitamet,Personal,4/30/2023 20:30,Closed
446,arcuNunc,urna@icloud.com,"{""street"":""4343 Chestnut St"",""city"":""City46"",""state"":""State46"",""postal_code"":""67890""}",Duis,Personal,3/21/2024 7:54,Open
447,dolordapibus,ac.turpis.egestas@yahoo.org,"{""street"":""4444 Spruce St"",""city"":""City47"",""state"":""State47"",""postal_code"":""12345""}",musProin,Personal,10/1/2020 5:58,Closed
448,sedsapien,aliquet.metus@hotmail.com,"{""street"":""4545 Oak St"",""city"":""City48"",""state"":""State48"",""postal_code"":""67890""}",molestie,Personal,11/9/2021 19:13,Open
449,tacitisociosqu,auctor@protonmail.edu,"{""street"":""4646 Pine St"",""city"":""City49"",""state"":""State49"",""postal_code"":""12345""}",sedsem,Personal,10/10/2023 20:22,Closed
450,enimCurabitur,vel.arcu.eu@hotmail.org,"{""street"":""4747 Cedar St"",""city"":""City50"",""state"":""State50"",""postal_code"":""67890""}",dignissim,Personal,7/22/2021 22:28,Closed
451,euarcu,nunc.ut.erat@yahoo.com,"{""street"":""123 Main St"",""city"":""City1"",""state"":""State1"",""postal_code"":""12345""}",sitamet,Personal,11/17/2022 17:34,Open
452,erosturpis,diam.pellentesque@icloud.com,"{""street"":""456 Elm St"",""city"":""City2"",""state"":""State2"",""postal_code"":""67890""}",Crassedleo,Personal,1/22/2021 14:29,Open
453,nisia,mollis@hotmail.couk,"{""street"":""789 Oak St"",""city"":""City3"",""state"":""State3"",""postal_code"":""12345""}",lobortisauguescelerisque,Personal,9/12/2020 0:39,Closed
454,Integermollis,dictum.eu@icloud.net,"{""street"":""101 Pine St"",""city"":""City4"",""state"":""State4"",""postal_code"":""67890""}",Donec,Personal,1/22/2023 6:38,Open
455,sociisnatoque,elit.dictum@hotmail.com,"{""street"":""202 Cedar St"",""city"":""City5"",""state"":""State5"",""postal_code"":""12345""}",Classaptent,Personal,5/4/2020 16:10,Closed
456,netuset,ligula.aenean.gravida@outlook.com,"{""street"":""303 Maple St"",""city"":""City6"",""state"":""State6"",""postal_code"":""67890""}",Nullatempor,Personal,1/18/2024 9:15,Closed
457,estarcu,cursus.et.magna@yahoo.ca,"{""street"":""404 Birch St"",""city"":""City7"",""state"":""State7"",""postal_code"":""12345""}",metusurnaconvallis,Personal,2/2/2021 21:53,Open
458,loremluctus,sed.neque.sed@yahoo.com,"{""street"":""505 Walnut St"",""city"":""City8"",""state"":""State8"",""postal_code"":""67890""}",tincidunt,Personal,1/27/2023 11:56,Open
459,vitaediam,ultricies@google.net,"{""street"":""606 Ash St"",""city"":""City9"",""state"":""State9"",""postal_code"":""12345""}",magna,Personal,5/21/2022 15:57,Closed
460,laoreetipsum,nisl@yahoo.ca,"{""street"":""707 Chestnut St"",""city"":""City10"",""state"":""State10"",""postal_code"":""67890""}",nibh,Personal,4/3/2022 2:07,Open
461,Phasellusdolor,nunc.sit.amet@google.org,"{""street"":""808 Spruce St"",""city"":""City11"",""state"":""State11"",""postal_code"":""12345""}",acorciUt,Personal,3/30/2021 9:37,Open
462,orciquis,integer@outlook.org,"{""street"":""909 Oak St"",""city"":""City12"",""state"":""State12"",""postal_code"":""67890""}",Quisque,Personal,2/20/2024 4:52,Closed
463,montesnascetur,mauris@hotmail.edu,"{""street"":""1010 Pine St"",""city"":""City13"",""state"":""State13"",""postal_code"":""12345""}",turpisNulla,Personal,12/2/2023 8:56,Open
464,congueturpis,lorem.vitae.odio@protonmail.net,"{""street"":""1111 Cedar St"",""city"":""City14"",""state"":""State14"",""postal_code"":""67890""}",nunc,Personal,6/23/2020 16:56,Open
465,lectusa,sit@outlook.com,"{""street"":""1212 Maple St"",""city"":""City15"",""state"":""State15"",""postal_code"":""12345""}",magnisdis,Personal,7/30/2020 4:05,Closed
466,dictummagna,habitant.morbi@protonmail.com,"{""street"":""1313 Birch St"",""city"":""City16"",""state"":""State16"",""postal_code"":""67890""}",sem,Personal,8/29/2021 1:56,Open
467,acorci,ante@yahoo.org,"{""street"":""1414 Walnut St"",""city"":""City17"",""state"":""State17"",""postal_code"":""12345""}",amet,Personal,1/3/2022 23:48,Closed
468,montesnascetur,nunc.sed@hotmail.edu,"{""street"":""1515 Ash St"",""city"":""City18"",""state"":""State18"",""postal_code"":""67890""}",vitaeeratvel,Personal,8/14/2020 2:52,Open
469,liberomauris,volutpat.nulla@aol.org,"{""street"":""1616 Chestnut St"",""city"":""City19"",""state"":""State19"",""postal_code"":""12345""}",euligulaAenean,Personal,11/8/2022 5:39,Closed
470,Loremipsum,lorem.ipsum@icloud.com,"{""street"":""1717 Spruce St"",""city"":""City20"",""state"":""State20"",""postal_code"":""67890""}",Vestibulumaccumsan,Personal,6/15/2022 15:42,Open
471,venenatislacus,phasellus.elit.pede@protonmail.net,"{""street"":""1818 Oak St"",""city"":""City21"",""state"":""State21"",""postal_code"":""12345""}",etnetus,Personal,9/14/2021 0:36,Closed
472,ridiculusmus,proin.eget@protonmail.com,"{""street"":""1919 Pine St"",""city"":""City22"",""state"":""State22"",""postal_code"":""67890""}",estmaurisrhoncus,Personal,11/30/2023 7:40,Open
473,lacusUt,nunc.sed.libero@aol.ca,"{""street"":""2020 Cedar St"",""city"":""City23"",""state"":""State23"",""postal_code"":""12345""}",duiinsodales,Personal,3/10/2024 13:17,Open
474,dignissimlacus,et.arcu@hotmail.com,"{""street"":""2121 Maple St"",""city"":""City24"",""state"":""State24"",""postal_code"":""67890""}",Loremipsumdolor,Personal,12/30/2020 23:52,Closed
475,vitaedolor,donec.luctus@google.edu,"{""street"":""2222 Birch St"",""city"":""City25"",""state"":""State25"",""postal_code"":""12345""}",estmaurisrhoncus,Personal,3/4/2021 4:37,Open
476,ametrisus,pede.ac@aol.net,"{""street"":""2323 Walnut St"",""city"":""City26"",""state"":""State26"",""postal_code"":""67890""}",NullamnislMaecenas,Personal,11/18/2020 0:49,Open
477,aauctor,ante.ipsum.primis@outlook.org,"{""street"":""2424 Ash St"",""city"":""City27"",""state"":""State27"",""postal_code"":""12345""}",vulputateeu,Personal,1/31/2023 10:44,Open
478,auctorodio,in.at@hotmail.edu,"{""street"":""2525 Chestnut St"",""city"":""City28"",""state"":""State28"",""postal_code"":""67890""}",sitamet,Personal,1/5/2023 15:36,Closed
479,cursuspurus,purus.mauris@outlook.couk,"{""street"":""2626 Spruce St"",""city"":""City29"",""state"":""State29"",""postal_code"":""12345""}",ipsumsodalespurus,Personal,4/6/2023 23:46,Open
480,tortorInteger,suspendisse.aliquet@hotmail.net,"{""street"":""2727 Oak St"",""city"":""City30"",""state"":""State30"",""postal_code"":""67890""}",odiovel,Personal,3/23/2024 4:57,Closed
481,etmalesuada,mauris.id@yahoo.ca,"{""street"":""2828 Pine St"",""city"":""City31"",""state"":""State31"",""postal_code"":""12345""}",sitametconsectetuer,Personal,6/30/2023 6:23,Closed
482,fringillapurus,congue.elit@google.org,"{""street"":""2929 Cedar St"",""city"":""City32"",""state"":""State32"",""postal_code"":""67890""}",ornare,Personal,11/21/2023 0:37,Open
483,luctusvulputate,aliquet.nec.imperdiet@aol.edu,"{""street"":""3030 Maple St"",""city"":""City33"",""state"":""State33"",""postal_code"":""12345""}",vitaerisusDuis,Personal,1/12/2024 8:18,Open
484,eratvel,vivamus@hotmail.com,"{""street"":""3131 Birch St"",""city"":""City34"",""state"":""State34"",""postal_code"":""67890""}",sodalespurus,Personal,5/26/2020 18:52,Closed
485,arcuVestibulum,in@outlook.edu,"{""street"":""3232 Walnut St"",""city"":""City35"",""state"":""State35"",""postal_code"":""12345""}",iaculislacus,Personal,7/6/2021 20:32,Open
486,sodaleselit,leo.vivamus@aol.com,"{""street"":""3333 Ash St"",""city"":""City36"",""state"":""State36"",""postal_code"":""67890""}",id,Personal,4/21/2023 14:46,Closed
487,semPellentesque,magna.sed@yahoo.net,"{""street"":""3434 Chestnut St"",""city"":""City37"",""state"":""State37"",""postal_code"":""12345""}",lacinia,Personal,10/17/2022 11:41,Closed
488,duiSuspendisse,nec.tempus@outlook.ca,"{""street"":""3535 Spruce St"",""city"":""City38"",""state"":""State38"",""postal_code"":""67890""}",egestas,Personal,5/8/2021 8:52,Open
489,Aeneangravida,ornare.lectus@protonmail.ca,"{""street"":""3636 Oak St"",""city"":""City39"",""state"":""State39"",""postal_code"":""12345""}",pede,Personal,12/10/2020 21:02,Open
490,orcitincidunt,maecenas.malesuada@hotmail.net,"{""street"":""3737 Pine St"",""city"":""City40"",""state"":""State40"",""postal_code"":""67890""}",nequeSed,Personal,2/13/2022 18:17,Open
491,pedeCras,turpis.egestas@yahoo.ca,"{""street"":""3838 Cedar St"",""city"":""City41"",""state"":""State41"",""postal_code"":""12345""}",nislsemconsequat,Personal,5/10/2022 11:24,Open
492,mollisInteger,eleifend.nunc@yahoo.net,"{""street"":""3939 Maple St"",""city"":""City42"",""state"":""State42"",""postal_code"":""67890""}",arcuMorbi,Personal,9/27/2023 10:24,Closed
493,sedconsequat,eleifend@outlook.com,"{""street"":""4040 Birch St"",""city"":""City43"",""state"":""State43"",""postal_code"":""12345""}",nullaIn,Personal,6/21/2021 0:57,Open
494,euturpis,facilisis.vitae@google.com,"{""street"":""4141 Walnut St"",""city"":""City44"",""state"":""State44"",""postal_code"":""67890""}",utquamvel,Personal,10/5/2022 4:58,Open
495,metusAliquam,sem.vitae@hotmail.org,"{""street"":""4242 Ash St"",""city"":""City45"",""state"":""State45"",""postal_code"":""12345""}",Quisquetincidunt,Personal,4/8/2022 14:04,Closed
496,mollisvitae,in.lorem@protonmail.net,"{""street"":""4343 Chestnut St"",""city"":""City46"",""state"":""State46"",""postal_code"":""67890""}",afelis,Personal,9/7/2020 9:00,Open
497,ettristique,ipsum.primis@yahoo.couk,"{""street"":""4444 Spruce St"",""city"":""City47"",""state"":""State47"",""postal_code"":""12345""}",Praesenteu,Personal,6/23/2021 7:57,Closed
498,Donecnibh,arcu.eu@hotmail.org,"{""street"":""4545 Oak St"",""city"":""City48"",""state"":""State48"",""postal_code"":""67890""}",Donecsollicitudinadipiscing,Personal,9/21/2021 9:07,Closed
499,odioNam,tempus.lorem@protonmail.net,"{""street"":""4646 Pine St"",""city"":""City49"",""state"":""State49"",""postal_code"":""12345""}",In,Personal,2/25/2024 12:34,Closed
500,Integervitae,hendrerit.consectetuer@protonmail.net,"{""street"":""4747 Cedar St"",""city"":""City50"",""state"":""State50"",""postal_code"":""67890""}",etrutrum,Personal,8/23/2022 0:51,Closed
